Workbook

Sheet 表格说明
A1: 表格说明

Sheet DSP内部数据
B1: VariateName | C1: DateType | D1: EnumTab | E1: DisplayDigit | F1: DataType Length | G1: ArrayCnt | H1: Total Length | I1: DefaultValue | J1: MaxValue | K1: MinValue | L1: Unit | M1: RW | N1: RAM | O1: FLASH | P1: EEPROM | Q1: Calibration | R1: STRUCT | S1: 数据来自CPU | T1: 精度 | U1: 数据类型 | V1: 数据上传 等级 | W1: 数据分类 | X1: UPP 模型号 | Y1: 备注
A2: 固件版本号版本 | B2: ParamProductType | C2: Sys_U16 | E2: 0 | F2: 2 | G2: 15 | H2: 30 | I2: 0 | J2: 65534 | K2: 0 | M2: RO | N2: N | O2: Y | P2: N | Q2: Y | R2: PARAM_MONITOR_DATA_STR | S2: CPU2 | T2: {=_xlfn.FILTER(POWER(0.1,$E$2:$E$5009),$A$2:$A$5009<>"")} -> 1 | U2: {=_xlfn.FILTER(IF($G$2:$G$5009<>1,"STRING",IF(SUBSTITUTE($C$2:$C$5009,"Sys_","")="F32","S32",SUBSTITUTE($C$2:$C$5009,"Sys_",""))),$V$2:$V$5009<>"")} -> STRING | V2: 2：UPM进行轮询 | W2: 系统参数1 | X2: {=_xlfn.FILTER((W$2:W$5009="系统参数1")*1+(W$2:W$5009="系统参数2")*2+(W$2:W$5009="任务级观测量")*99+(W$2:W$5009="中断级观测量")*100+(W$2:W$5009="控制参数设置")*102+(W$2:W$5009="任务级标定量")*103,W$2:W$5009<>"")} -> 1
A3: 机器型号 | B3: ParamProductCode | C3: Sys_U16 | E3: 0 | F3: 2 | G3: 8 | H3: 16 | I3: 0 | J3: 65535 | K3: 0 | M3: RO | N3: N | O3: Y | P3: N | Q3: Y | R3: PARAM_MONITOR_DATA_STR | S3: CPU2 | T3: 1 | U3: STRING | V3: 2：UPM进行轮询 | W3: 系统参数2 | X3: 2
A4: 机器版本号 | B4: ParamClientCode | C4: Sys_U16 | E4: 0 | F4: 2 | G4: 10 | H4: 20 | I4: 0 | J4: 65535 | K4: 0 | M4: RO | N4: N | O4: Y | P4: N | Q4: Y | R4: PARAM_MONITOR_DATA_STR | S4: CPU2 | T4: 1 | U4: STRING | V4: 2：UPM进行轮询 | W4: 系统参数2 | X4: 2
A5: 机器型号编码 | B5: ParamType | C5: Sys_U16 | E5: 0 | F5: 2 | G5: 1 | H5: 2 | I5: 0 | J5: 65535 | K5: 0 | M5: RO | N5: N | O5: Y | P5: N | Q5: Y | R5: PARAM_MONITOR_DATA_STR | S5: CPU2 | T5: 1 | U5: U16 | V5: 2：UPM进行轮询 | W5: 系统参数2 | X5: 2
A6: 设备类型编码 | B6: ParamMatrilCode | C6: Sys_U16 | E6: 0 | F6: 2 | G6: 1 | H6: 2 | I6: 0 | J6: 65535 | K6: 0 | M6: RO | N6: N | O6: Y | P6: N | Q6: Y | R6: PARAM_MONITOR_DATA_STR | S6: CPU2 | T6: 1 | U6: U16 | V6: 2：UPM进行轮询 | W6: 系统参数2 | X6: 2
A7: DCDC任务级故障字1 | B7: DcdcTskFwFltFlg1 | C7: Sys_U16 | D7: bit0:RECT1温度过温 bit1:RECT2温度过温 bit2:BST温度过温 bit3:Buck温度过温 bit4:环境温度过温 bit5:预留5 bit6:电网缺相 bit7:Rect输出母线过压 bit8:Rect输出母线欠压 bit9:Boost输出母线过压 bit10:Boost输出母线欠压 bit11:Buck输出母线过压 bit12:Buck输出母线欠压 bit13:Can通信超时 bit14:预留14 bit15:预留15 | E7: 0 | F7: 2 | G7: 1 | H7: 2 | I7: 0 | J7: 65535 | K7: 0 | M7: RO | N7: N | O7: Y | P7: N | Q7: Y | R7: PARAM_MONITOR_DATA_STR | S7: CPU2 | T7: 1 | U7: U16 | V7: 3：CSU进行轮询 | W7: 任务级观测量 | X7: 99
A8: DCDC任务级故障字2 | B8: DcdcTskFwFltFlg2 | C8: Sys_U16 | D8: bit0:BST1过流 bit1:BST2过流 bit2:BST3过流 bit3:BST4过流 bit4:BUCK1过流 bit5:BUCK2过流 bit6:BUCK3过流 bit7:BUCK4过流 bit8:预留8 bit9:预留9 bit10:预留10 bit11:预留11 bit12:预留12 bit13:预留13 bit14:预留14 bit15:预留15 | E8: 0 | F8: 2 | G8: 1 | H8: 2 | I8: 0 | J8: 65535 | K8: 0 | M8: RO | N8: N | O8: Y | P8: N | Q8: Y | R8: PARAM_MONITOR_DATA_STR | S8: CPU2 | T8: 1 | U8: U16 | V8: 2：UPM进行轮询 | W8: 任务级观测量 | X8: 99
A9: DCDC任务级故障字3 | B9: DcdcTskFwFltFlg3 | C9: Sys_U16 | D9: bit0:输出过流 bit1:预留1 bit2:RECT1温度NTC异常 bit3:RECT2温度NTC异常 bit4:BST温度NTC异常 bit5:BUCK温度NTC异常 bit6:环境温度NTC异常 bit7:功率继电器开路 bit8:功率继电器粘连 bit9:风扇1转速异常 bit10:风扇2转速异常 bit11:风扇3转速异常 bit12:晶闸管故障 bit13:电池IGBT故障 bit14:预留14 bit15:预留15 | E9: 0 | F9: 2 | G9: 1 | H9: 2 | I9: 0 | J9: 65535 | K9: 0 | M9: RO | N9: N | O9: Y | P9: N | Q9: Y | R9: PARAM_MONITOR_DATA_STR | S9: CPU2 | T9: 1 | U9: U16 | V9: 2：UPM进行轮询 | W9: 任务级观测量 | X9: 99
A10: DCDC任务级故障字4 | B10: DcdcTskFwFltFlg4 | C10: Sys_U16 | D10: bit0:预充超时 bit1:预留1 bit2:预留2 bit3:预留3 bit4:预留4 bit5:预留5 bit6:预留6 bit7:预留7 bit8:预留8 bit9:预留9 bit10:预留10 bit11:预留11 bit12:预留12 bit13:预留13 bit14:预留14 bit15:预留15 | E10: 0 | F10: 2 | G10: 1 | H10: 2 | I10: 0 | J10: 65535 | K10: 0 | M10: RO | N10: N | O10: Y | P10: N | Q10: Y | R10: PARAM_MONITOR_DATA_STR | S10: CPU2 | T10: 1 | U10: U16 | V10: 2：UPM进行轮询 | W10: 任务级观测量 | X10: 99
A11: DCDC任务级告警字1 | B11: DcdcTskWarnFltFlg1 | C11: Sys_U16 | D11: bit0:RECT1温度过温 bit1:RECT2温度过温 bit2:BST温度过温 bit3:Buck温度过温 bit4:环境温度过温 bit5:预留5 bit6:电网R相电压过压 bit7:电网S相电压过压 bit8:电网T相电压过压 bit9:电网R相电压欠压 bit10:电网S相电压欠压 bit11:电网T相电压欠压 bit12:电网过频 bit13:电网欠频 bit14:电池过压 bit15:电池欠压 | E11: 0 | F11: 2 | G11: 1 | H11: 2 | I11: 0 | J11: 65535 | K11: 0 | M11: RO | N11: N | O11: Y | P11: N | Q11: Y | R11: PARAM_MONITOR_DATA_STR | S11: CPU2 | T11: 1 | U11: U16 | V11: 2：UPM进行轮询 | W11: 任务级观测量 | X11: 99
A12: DCDC任务级告警字2 | B12: DcdcTskWarnFltFlg2 | C12: Sys_U16 | D12: bit0:RECT1温度NTC异常 bit1:RECT2温度NTC异常 bit2:BST温度NTC异常 bit3:BUCK温度NTC异常 bit4:环境温度NTC异常 bit5:功率继电器开路 bit6:功率继电器粘连 bit7:风扇1转速异常 bit8:风扇2转速异常 bit9:风扇3转速异常 bit10:晶闸管故障 bit11:电池IGBT故障 bit12:Can通信超时 bit13:输出过载降额 bit14:预留14 bit15:输出过流 | E12: 0 | F12: 2 | G12: 1 | H12: 2 | I12: 0 | J12: 65535 | K12: 0 | M12: RO | N12: N | O12: Y | P12: N | Q12: Y | R12: PARAM_MONITOR_DATA_STR | S12: CPU2 | T12: 1 | U12: U16 | V12: 2：UPM进行轮询 | W12: 任务级观测量 | X12: 99
A13: DCDC任务级告警字3 | B13: DcdcTskWarnFltFlg3 | C13: Sys_U16 | D13: bit0:预充超时 bit1:RECT1温度降额 bit2:RECT2温度降额 bit3:BST温度降额 bit4:BUCK温度降额 bit5:环境温度降额 bit6:海拔降额 bit7:CellID识别错误 bit8:预留8 bit9:预留9 bit10:预留10 bit11:预留11 bit12:预留12 bit13:预留13 bit14:预留14 bit15:预留15 | E13: 0 | F13: 2 | G13: 1 | H13: 2 | I13: 0 | J13: 65535 | K13: 0 | M13: RO | N13: N | O13: Y | P13: N | Q13: Y | R13: PARAM_MONITOR_DATA_STR | S13: CPU2 | T13: 1 | U13: U16 | V13: 2：UPM进行轮询 | W13: 任务级观测量 | X13: 99
A14: 主状态机工作模式 | B14: MainWrkMode | C14: Sys_U16 | D14: 0: Init 1: Standby 2: Work 3: Fault 4: off 5: OpenPrecharge 6: OpenLoopWrk | E14: 0 | F14: 2 | G14: 1 | H14: 2 | I14: 0 | J14: 500 | K14: 0 | M14: RO | N14: N | O14: Y | P14: N | Q14: Y | R14: PARAM_MONITOR_DATA_STR | S14: CPU2 | T14: 1 | U14: U16 | V14: 2：UPM进行轮询 | W14: 任务级观测量 | X14: 99
A15: 不控整流输出侧预充继电器闭合指令 | B15: U16_RLYBSTEn | C15: Sys_U16 | D15: 0:不使能 1:使能 2:降损 | E15: 0 | F15: 2 | G15: 1 | H15: 2 | I15: 0 | J15: 99 | K15: 0 | M15: RO | N15: N | O15: Y | P15: N | Q15: Y | R15: PARAM_MONITOR_DATA_STR | S15: CPU2 | T15: 1 | U15: U16 | V15: 1：上传至UPM | W15: 任务级观测量 | X15: 99
A16: Boost输出侧预充继电器闭合指令 | B16: U16_RLYBUSEn | C16: Sys_U16 | D16: 0:不使能 1:使能 | E16: 0 | F16: 2 | G16: 1 | H16: 2 | I16: 0 | J16: 99 | K16: 0 | M16: RO | N16: N | O16: Y | P16: N | Q16: Y | R16: PARAM_MONITOR_DATA_STR | S16: CPU2 | T16: 1 | U16: U16 | V16: 1：上传至UPM | W16: 任务级观测量 | X16: 99
A17: 输出侧预充继电器闭合指令 | B17: U16_RLYOUTEn | C17: Sys_U16 | D17: 0:不使能 1:使能 | E17: 0 | F17: 2 | G17: 1 | H17: 2 | I17: 0 | J17: 99 | K17: 0 | M17: RO | N17: N | O17: Y | P17: N | Q17: Y | R17: PARAM_MONITOR_DATA_STR | S17: CPU2 | T17: 1 | U17: U16 | V17: 1：上传至UPM | W17: 任务级观测量 | X17: 99
A18: Cell类型 | B18: U16_CellType | C18: Sys_U16 | D18: 0:UNDEF 1:CHARGER_CELL 2:POWER_CELL1 3:POWER_CELL2 4:POWER_CELL3 5:POWER_CELL4 6:POWER_CELL5 7:POWER_CELL6 8:POWER_CELL7 | E18: 0 | F18: 2 | G18: 1 | H18: 2 | I18: 0 | J18: 1 | K18: 0 | M18: RO | N18: N | O18: Y | P18: N | Q18: Y | R18: PARAM_MONITOR_DATA_STR | S18: CPU2 | T18: 1 | U18: U16 | V18: 1：上传至UPM | W18: 任务级观测量 | X18: 99
A19: DCDC中断负载运行总时间 | B19: DcdcIntLoadTotalRunTm | C19: Sys_F32 | E19: 8 | F19: 4 | G19: 1 | H19: 4 | I19: 0.00000000 | J19: 5.00000000 | K19: 0.00000000 | M19: RO | N19: N | O19: Y | P19: N | Q19: Y | R19: PARAM_MONITOR_DATA_STR | S19: CPU2 | T19: 1e-08 | U19: S32 | V19: 1：上传至UPM | W19: 任务级观测量 | X19: 99
A20: RECT1温度降额系数输出值 | B20: Rect1TemDerateCoffOut | C20: Sys_F32 | E20: 2 | F20: 4 | G20: 1 | H20: 4 | I20: 1.50 | J20: 2.00 | K20: 0.00 | M20: RO | N20: N | O20: Y | P20: N | Q20: Y | R20: PARAM_MONITOR_DATA_STR | S20: CPU2 | T20: 0.01 | U20: S32 | V20: 1：上传至UPM | W20: 任务级观测量 | X20: 99
A21: RECT2温度降额系数输出值 | B21: Rect2TemDerateCoffOut | C21: Sys_F32 | E21: 2 | F21: 4 | G21: 1 | H21: 4 | I21: 1.50 | J21: 2.00 | K21: 0.00 | M21: RO | N21: N | O21: Y | P21: N | Q21: Y | R21: PARAM_MONITOR_DATA_STR | S21: CPU2 | T21: 0.01 | U21: S32 | V21: 1：上传至UPM | W21: 任务级观测量 | X21: 99
A22: BST温度降额系数输出值 | B22: BstTemDerateCoffOut | C22: Sys_F32 | E22: 2 | F22: 4 | G22: 1 | H22: 4 | I22: 1.50 | J22: 2.00 | K22: 0.00 | M22: RO | N22: N | O22: Y | P22: N | Q22: Y | R22: PARAM_MONITOR_DATA_STR | S22: CPU2 | T22: 0.01 | U22: S32 | V22: 1：上传至UPM | W22: 任务级观测量 | X22: 99
A23: BUCK温度降额系数输出值 | B23: BuckTemDerateCoffOut | C23: Sys_F32 | E23: 2 | F23: 4 | G23: 1 | H23: 4 | I23: 1.50 | J23: 2.00 | K23: 0.00 | M23: RO | N23: N | O23: Y | P23: N | Q23: Y | R23: PARAM_MONITOR_DATA_STR | S23: CPU2 | T23: 0.01 | U23: S32 | V23: 1：上传至UPM | W23: 任务级观测量 | X23: 99
A24: 环境温度降额系数输出值 | B24: AmbTemDerateCoffOut | C24: Sys_F32 | E24: 2 | F24: 4 | G24: 1 | H24: 4 | I24: 1.50 | J24: 2.00 | K24: 0.00 | M24: RO | N24: N | O24: Y | P24: N | Q24: Y | R24: PARAM_MONITOR_DATA_STR | S24: CPU2 | T24: 0.01 | U24: S32 | V24: 1：上传至UPM | W24: 任务级观测量 | X24: 99
A25: 输出过载降额系数输出值 | B25: OutputOverloadDerateCoffOut | C25: Sys_F32 | E25: 2 | F25: 4 | G25: 1 | H25: 4 | I25: 1.50 | J25: 2.00 | K25: 0.00 | M25: RO | N25: N | O25: Y | P25: N | Q25: Y | R25: PARAM_MONITOR_DATA_STR | S25: CPU2 | T25: 0.01 | U25: S32 | V25: 1：上传至UPM | W25: 任务级观测量 | X25: 99
A26: 总降额系数输出值 | B26: TotalDerateCoffOut | C26: Sys_F32 | E26: 2 | F26: 4 | G26: 1 | H26: 4 | I26: 1.50 | J26: 2.00 | K26: 0.00 | M26: RO | N26: N | O26: Y | P26: N | Q26: Y | R26: PARAM_MONITOR_DATA_STR | S26: CPU2 | T26: 0.01 | U26: S32 | V26: 1：上传至UPM | W26: 任务级观测量 | X26: 99
A27: 降额模块输出限流值 | B27: TotalDerateCurrLmt | C27: Sys_F32 | E27: 2 | F27: 4 | G27: 1 | H27: 4 | I27: 1.50 | J27: 2.00 | K27: 0.00 | M27: RO | N27: N | O27: Y | P27: N | Q27: Y | R27: PARAM_MONITOR_DATA_STR | S27: CPU2 | T27: 0.01 | U27: S32 | V27: 1：上传至UPM | W27: 任务级观测量 | X27: 99
A28: RECT1采样温度 | B28: F32_Rect1Tem | C28: Sys_F32 | E28: 2 | F28: 4 | G28: 1 | H28: 4 | I28: 0.00 | J28: 200.00 | K28: -100.00 | L28: ℃ | M28: RO | N28: N | O28: Y | P28: N | Q28: Y | R28: PARAM_MONITOR_DATA_STR | S28: CPU2 | T28: 0.01 | U28: S32 | V28: 1：上传至UPM | W28: 任务级观测量 | X28: 99
A29: RECT2采样温度 | B29: F32_Rect2Tem | C29: Sys_F32 | E29: 2 | F29: 4 | G29: 1 | H29: 4 | I29: 0.00 | J29: 200.00 | K29: -100.00 | L29: ℃ | M29: RO | N29: N | O29: Y | P29: N | Q29: Y | R29: PARAM_MONITOR_DATA_STR | S29: CPU2 | T29: 0.01 | U29: S32 | V29: 1：上传至UPM | W29: 任务级观测量 | X29: 99
A30: BST采样温度 | B30: F32_BstTem | C30: Sys_F32 | E30: 2 | F30: 4 | G30: 1 | H30: 4 | I30: 0.00 | J30: 200.00 | K30: -100.00 | L30: ℃ | M30: RO | N30: N | O30: Y | P30: N | Q30: Y | R30: PARAM_MONITOR_DATA_STR | S30: CPU2 | T30: 0.01 | U30: S32 | V30: 1：上传至UPM | W30: 任务级观测量 | X30: 99
A31: BUCK采样温度 | B31: F32_BuckTem | C31: Sys_F32 | E31: 2 | F31: 4 | G31: 1 | H31: 4 | I31: 0.00 | J31: 200.00 | K31: -100.00 | L31: ℃ | M31: RO | N31: N | O31: Y | P31: N | Q31: Y | R31: PARAM_MONITOR_DATA_STR | S31: CPU2 | T31: 0.01 | U31: S32 | V31: 1：上传至UPM | W31: 任务级观测量 | X31: 99
A32: 环境采样温度 | B32: F32_AmbTem | C32: Sys_F32 | E32: 2 | F32: 4 | G32: 1 | H32: 4 | I32: 0.00 | J32: 200.00 | K32: -100.00 | L32: ℃ | M32: RO | N32: N | O32: Y | P32: N | Q32: Y | R32: PARAM_MONITOR_DATA_STR | S32: CPU2 | T32: 0.01 | U32: S32 | V32: 1：上传至UPM | W32: 任务级观测量 | X32: 99
A33: 自定义整型观测信号1 | B33: U16_Test_Sgnl1Mea | C33: Sys_U16 | E33: 0 | F33: 2 | G33: 1 | H33: 2 | I33: 0 | J33: 65535 | K33: 0 | M33: RO | N33: N | O33: Y | P33: N | Q33: Y | R33: PARAM_MONITOR_DATA_STR | S33: CPU2 | T33: 1 | U33: U16 | V33: 1：上传至UPM | W33: 任务级观测量 | X33: 99
A34: 自定义整型观测信号2 | B34: U16_Test_Sgnl2Mea | C34: Sys_U16 | E34: 0 | F34: 2 | G34: 1 | H34: 2 | I34: 0 | J34: 65535 | K34: 0 | M34: RO | N34: N | O34: Y | P34: N | Q34: Y | R34: PARAM_MONITOR_DATA_STR | S34: CPU2 | T34: 1 | U34: U16 | V34: 1：上传至UPM | W34: 任务级观测量 | X34: 99
A35: 自定义整型观测信号3 | B35: U16_Test_Sgnl3Mea | C35: Sys_U16 | E35: 0 | F35: 2 | G35: 1 | H35: 2 | I35: 0 | J35: 65535 | K35: 0 | M35: RO | N35: N | O35: Y | P35: N | Q35: Y | R35: PARAM_MONITOR_DATA_STR | S35: CPU2 | T35: 1 | U35: U16 | V35: 1：上传至UPM | W35: 任务级观测量 | X35: 99
A36: 自定义整型观测信号4 | B36: U16_Test_Sgnl4Mea | C36: Sys_U16 | E36: 0 | F36: 2 | G36: 1 | H36: 2 | I36: 0 | J36: 65535 | K36: 0 | M36: RO | N36: N | O36: Y | P36: N | Q36: Y | R36: PARAM_MONITOR_DATA_STR | S36: CPU2 | T36: 1 | U36: U16 | V36: 1：上传至UPM | W36: 任务级观测量 | X36: 99
A37: 自定义整型观测信号5 | B37: U16_Test_Sgnl5Mea | C37: Sys_U16 | E37: 0 | F37: 2 | G37: 1 | H37: 2 | I37: 0 | J37: 65535 | K37: 0 | M37: RO | N37: N | O37: Y | P37: N | Q37: Y | R37: PARAM_MONITOR_DATA_STR | S37: CPU2 | T37: 1 | U37: U16 | V37: 1：上传至UPM | W37: 任务级观测量 | X37: 99
A38: 自定义整型观测信号6 | B38: U16_Test_Sgnl6Mea | C38: Sys_U16 | E38: 0 | F38: 2 | G38: 1 | H38: 2 | I38: 0 | J38: 65535 | K38: 0 | M38: RO | N38: N | O38: Y | P38: N | Q38: Y | R38: PARAM_MONITOR_DATA_STR | S38: CPU2 | T38: 1 | U38: U16 | V38: 1：上传至UPM | W38: 任务级观测量 | X38: 99
A39: 自定义整型观测信号7 | B39: U16_Test_Sgnl7Mea | C39: Sys_U16 | E39: 0 | F39: 2 | G39: 1 | H39: 2 | I39: 0 | J39: 65535 | K39: 0 | M39: RO | N39: N | O39: Y | P39: N | Q39: Y | R39: PARAM_MONITOR_DATA_STR | S39: CPU2 | T39: 1 | U39: U16 | V39: 1：上传至UPM | W39: 任务级观测量 | X39: 99
A40: 自定义整型观测信号8 | B40: U16_Test_Sgnl8Mea | C40: Sys_U16 | E40: 0 | F40: 2 | G40: 1 | H40: 2 | I40: 0 | J40: 65535 | K40: 0 | M40: RO | N40: N | O40: Y | P40: N | Q40: Y | R40: PARAM_MONITOR_DATA_STR | S40: CPU2 | T40: 1 | U40: U16 | V40: 1：上传至UPM | W40: 任务级观测量 | X40: 99
A41: 自定义整型观测信号9 | B41: U16_Test_Sgnl9Mea | C41: Sys_U16 | E41: 0 | F41: 2 | G41: 1 | H41: 2 | I41: 0 | J41: 65535 | K41: 0 | M41: RO | N41: N | O41: Y | P41: N | Q41: Y | R41: PARAM_MONITOR_DATA_STR | S41: CPU2 | T41: 1 | U41: U16 | V41: 1：上传至UPM | W41: 任务级观测量 | X41: 99
A42: 自定义整型观测信号10 | B42: U16_Test_Sgnl10Mea | C42: Sys_U16 | E42: 0 | F42: 2 | G42: 1 | H42: 2 | I42: 0 | J42: 65535 | K42: 0 | M42: RO | N42: N | O42: Y | P42: N | Q42: Y | R42: PARAM_MONITOR_DATA_STR | S42: CPU2 | T42: 1 | U42: U16 | V42: 1：上传至UPM | W42: 任务级观测量 | X42: 99
A43: 自定义浮点观测信号1 | B43: F32_Test_Sgnl1Mea | C43: Sys_F32 | E43: 4 | F43: 4 | G43: 1 | H43: 4 | I43: 0.0000 | J43: 65535.0000 | K43: 0.0000 | M43: RO | N43: N | O43: Y | P43: N | Q43: Y | R43: PARAM_MONITOR_DATA_STR | S43: CPU2 | T43: 0.0001 | U43: S32 | V43: 1：上传至UPM | W43: 任务级观测量 | X43: 99
A44: 自定义浮点观测信号2 | B44: F32_Test_Sgnl2Mea | C44: Sys_F32 | E44: 4 | F44: 4 | G44: 1 | H44: 4 | I44: 0.0000 | J44: 65535.0000 | K44: 0.0000 | M44: RO | N44: N | O44: Y | P44: N | Q44: Y | R44: PARAM_MONITOR_DATA_STR | S44: CPU2 | T44: 0.0001 | U44: S32 | V44: 1：上传至UPM | W44: 任务级观测量 | X44: 99
A45: 自定义浮点观测信号3 | B45: F32_Test_Sgnl3Mea | C45: Sys_F32 | E45: 4 | F45: 4 | G45: 1 | H45: 4 | I45: 0.0000 | J45: 65535.0000 | K45: 0.0000 | M45: RO | N45: N | O45: Y | P45: N | Q45: Y | R45: PARAM_MONITOR_DATA_STR | S45: CPU2 | T45: 0.0001 | U45: S32 | V45: 1：上传至UPM | W45: 任务级观测量 | X45: 99
A46: 自定义浮点观测信号4 | B46: F32_Test_Sgnl4Mea | C46: Sys_F32 | E46: 4 | F46: 4 | G46: 1 | H46: 4 | I46: 0.0000 | J46: 65535.0000 | K46: 0.0000 | M46: RO | N46: N | O46: Y | P46: N | Q46: Y | R46: PARAM_MONITOR_DATA_STR | S46: CPU2 | T46: 0.0001 | U46: S32 | V46: 1：上传至UPM | W46: 任务级观测量 | X46: 99
A47: 自定义浮点观测信号5 | B47: F32_Test_Sgnl5Mea | C47: Sys_F32 | E47: 4 | F47: 4 | G47: 1 | H47: 4 | I47: 0.0000 | J47: 65535.0000 | K47: 0.0000 | M47: RO | N47: N | O47: Y | P47: N | Q47: Y | R47: PARAM_MONITOR_DATA_STR | S47: CPU2 | T47: 0.0001 | U47: S32 | V47: 1：上传至UPM | W47: 任务级观测量 | X47: 99
A48: 自定义浮点观测信号6 | B48: F32_Test_Sgnl6Mea | C48: Sys_F32 | E48: 4 | F48: 4 | G48: 1 | H48: 4 | I48: 0.0000 | J48: 65535.0000 | K48: 0.0000 | M48: RO | N48: N | O48: Y | P48: N | Q48: Y | R48: PARAM_MONITOR_DATA_STR | S48: CPU2 | T48: 0.0001 | U48: S32 | V48: 1：上传至UPM | W48: 任务级观测量 | X48: 99
A49: 自定义浮点观测信号7 | B49: F32_Test_Sgnl7Mea | C49: Sys_F32 | E49: 4 | F49: 4 | G49: 1 | H49: 4 | I49: 0.0000 | J49: 65535.0000 | K49: 0.0000 | M49: RO | N49: N | O49: Y | P49: N | Q49: Y | R49: PARAM_MONITOR_DATA_STR | S49: CPU2 | T49: 0.0001 | U49: S32 | V49: 1：上传至UPM | W49: 任务级观测量 | X49: 99
A50: 自定义浮点观测信号8 | B50: F32_Test_Sgnl8Mea | C50: Sys_F32 | E50: 4 | F50: 4 | G50: 1 | H50: 4 | I50: 0.0000 | J50: 65535.0000 | K50: 0.0000 | M50: RO | N50: N | O50: Y | P50: N | Q50: Y | R50: PARAM_MONITOR_DATA_STR | S50: CPU2 | T50: 0.0001 | U50: S32 | V50: 1：上传至UPM | W50: 任务级观测量 | X50: 99
A51: 自定义浮点观测信号9 | B51: F32_Test_Sgnl9Mea | C51: Sys_F32 | E51: 4 | F51: 4 | G51: 1 | H51: 4 | I51: 0.0000 | J51: 65535.0000 | K51: 0.0000 | M51: RO | N51: N | O51: Y | P51: N | Q51: Y | R51: PARAM_MONITOR_DATA_STR | S51: CPU2 | T51: 0.0001 | U51: S32 | V51: 1：上传至UPM | W51: 任务级观测量 | X51: 99
A52: 自定义浮点观测信号10 | B52: F32_Test_Sgnl10Mea | C52: Sys_F32 | E52: 4 | F52: 4 | G52: 1 | H52: 4 | I52: 0.0000 | J52: 65535.0000 | K52: 0.0000 | M52: RO | N52: N | O52: Y | P52: N | Q52: Y | R52: PARAM_MONITOR_DATA_STR | S52: CPU2 | T52: 0.0001 | U52: S32 | V52: 1：上传至UPM | W52: 任务级观测量 | X52: 99
A53: 辅助电源电压 | B53: AuxPwrSupplyVol | C53: Sys_F32 | E53: 4 | F53: 4 | G53: 1 | H53: 4 | I53: 0.0000 | J53: 65535.0000 | K53: -10000.0000 | L53: V | M53: RO | N53: N | O53: Y | P53: N | Q53: Y | R53: PARAM_MONITOR_DATA_STR | S53: CPU2 | T53: 0.0001 | U53: S32 | V53: 0：不上传 | W53: 任务级观测量 | X53: 99
A54: 主控板单Cell工作指令 | B54: ARM_ComCellWorkCmd | C54: Sys_U16 | D54: 0:不使能 1:使能 | E54: 0 | F54: 2 | G54: 1 | H54: 2 | I54: 0 | J54: 1 | K54: 0 | M54: RW | N54: N | O54: Y | P54: N | Q54: Y | R54: PARAM_CONTROL_DATA_STR | S54: CPU2 | T54: 1 | U54: U16 | V54: 2：UPM进行轮询 | W54: 控制参数设置 | X54: 102
A55: 主控板Buck工作电压指令 | B55: ARM_ComtBuckVolCmd | C55: Sys_F32 | E55: 6 | F55: 4 | G55: 1 | H55: 4 | I55: 0.000000 | J55: 2000.000000 | K55: 0.000000 | L55: V | M55: RW | N55: N | O55: Y | P55: N | Q55: Y | R55: PARAM_CONTROL_DATA_STR | S55: CPU2 | T55: 1e-06 | U55: S32 | V55: 2：UPM进行轮询 | W55: 控制参数设置 | X55: 102
A56: 主控板Boost工作电压指令 | B56: ARM_ComBoostVolCmd | C56: Sys_F32 | E56: 6 | F56: 4 | G56: 1 | H56: 4 | I56: 0.000000 | J56: 2000.000000 | K56: 0.000000 | L56: V | M56: RW | N56: N | O56: Y | P56: N | Q56: Y | R56: PARAM_CONTROL_DATA_STR | S56: CPU2 | T56: 1e-06 | U56: S32 | V56: 2：UPM进行轮询 | W56: 控制参数设置 | X56: 102
A57: 主控板限流值 | B57: ARM_ComCurrLmt | C57: Sys_F32 | E57: 6 | F57: 4 | G57: 1 | H57: 4 | I57: 0.000000 | J57: 1000.000000 | K57: 0.000000 | L57: A | M57: RW | N57: N | O57: Y | P57: N | Q57: Y | R57: PARAM_CONTROL_DATA_STR | S57: CPU2 | T57: 1e-06 | U57: S32 | V57: 2：UPM进行轮询 | W57: 控制参数设置 | X57: 102
A58: 主控板平均电流 | B58: ARM_AverageCurr | C58: Sys_F32 | E58: 6 | F58: 4 | G58: 1 | H58: 4 | I58: 0.000000 | J58: 1000.000000 | K58: 0.000000 | L58: A | M58: RW | N58: N | O58: Y | P58: N | Q58: Y | R58: PARAM_CONTROL_DATA_STR | S58: CPU2 | T58: 1e-06 | U58: S32 | V58: 2：UPM进行轮询 | W58: 控制参数设置 | X58: 102
A59: 主控板平均电压 | B59: ARM_AverageVol | C59: Sys_F32 | E59: 6 | F59: 4 | G59: 1 | H59: 4 | I59: 0.000000 | J59: 1000.000000 | K59: 0.000000 | L59: V | M59: RW | N59: N | O59: Y | P59: N | Q59: Y | R59: PARAM_CONTROL_DATA_STR | S59: CPU2 | T59: 1e-06 | U59: S32 | V59: 2：UPM进行轮询 | W59: 控制参数设置 | X59: 102
A60: 主控板强制电池工作使能 | B60: ARM_ComForceBatWrkEn | C60: Sys_U16 | D60: 0:不使能 1:使能 | E60: 0 | F60: 2 | G60: 1 | H60: 2 | I60: 0 | J60: 1 | K60: 0 | M60: RW | N60: N | O60: Y | P60: N | Q60: Y | R60: PARAM_CONTROL_DATA_STR | S60: CPU2 | T60: 1 | U60: U16 | V60: 2：UPM进行轮询 | W60: 控制参数设置 | X60: 102
A61: SN号写使能 | B61: PC_SnWriteEn | C61: Sys_U16 | D61: 0:不使能 1:使能 | E61: 0 | F61: 2 | G61: 1 | H61: 2 | I61: 0 | J61: 1 | K61: 0 | M61: RW | N61: N | O61: Y | P61: N | Q61: Y | R61: PARAM_CONTROL_DATA_STR | S61: CPU2 | T61: 1 | U61: U16 | V61: 1：上传至UPM | W61: 控制参数设置 | X61: 102
A62: 采样系数和偏置校正使能 | B62: PC_SmplGainAndOfstCailEn | C62: Sys_U16 | D62: 0:不使能 1:使能 | E62: 0 | F62: 2 | G62: 1 | H62: 2 | I62: 0 | J62: 1 | K62: 0 | M62: RW | N62: N | O62: Y | P62: N | Q62: Y | R62: PARAM_CONTROL_DATA_STR | S62: CPU2 | T62: 1 | U62: U16 | V62: 1：上传至UPM | W62: 控制参数设置 | X62: 102
A63: 采样系数和偏置清除使能 | B63: PC_SmplGainAndOfstClrEn | C63: Sys_U16 | D63: 0:不使能 1:使能 | E63: 0 | F63: 2 | G63: 1 | H63: 2 | I63: 0 | J63: 1 | K63: 0 | M63: RW | N63: N | O63: Y | P63: N | Q63: Y | R63: PARAM_CONTROL_DATA_STR | S63: CPU2 | T63: 1 | U63: U16 | V63: 1：上传至UPM | W63: 控制参数设置 | X63: 102
A64: 上位机DC系统运行模式设置 | B64: PC_EcuRunModeSet | C64: Sys_U16 | D64: 0:ARM控制模式 1:开环调试模式 2:闭环调试模式 3:下电模式 4:预留模式 | E64: 0 | F64: 2 | G64: 1 | H64: 2 | I64: 0 | J64: 500 | K64: 0 | M64: RW | N64: N | O64: Y | P64: N | Q64: Y | R64: PARAM_CONTROL_DATA_STR | S64: CPU2 | T64: 1 | U64: U16 | V64: 1：上传至UPM | W64: 控制参数设置 | X64: 102
A65: DC闭环运行使能 | B65: PC_DcdcClsLoopRunEn | C65: Sys_U16 | D65: 0:不使能 1:使能 | E65: 0 | F65: 2 | G65: 1 | H65: 2 | I65: 0 | J65: 1000 | K65: 0 | M65: RW | N65: N | O65: Y | P65: N | Q65: Y | R65: PARAM_CONTROL_DATA_STR | S65: CPU2 | T65: 1 | U65: U16 | V65: 1：上传至UPM | W65: 控制参数设置 | X65: 102
A66: Boost开环运行使能 | B66: PC_BoostOpLoopCtrlEn | C66: Sys_U16 | D66: 0:不使能 1:使能 | E66: 0 | F66: 2 | G66: 1 | H66: 2 | I66: 0 | J66: 1000 | K66: 0 | M66: RW | N66: N | O66: Y | P66: N | Q66: Y | R66: PARAM_CONTROL_DATA_STR | S66: CPU2 | T66: 1 | U66: U16 | V66: 1：上传至UPM | W66: 控制参数设置 | X66: 102
A67: Buck开环运行使能 | B67: PC_BuckOpLoopCtrlEn | C67: Sys_U16 | D67: 0:不使能 1:使能 | E67: 0 | F67: 2 | G67: 1 | H67: 2 | I67: 0 | J67: 1000 | K67: 0 | M67: RW | N67: N | O67: Y | P67: N | Q67: Y | R67: PARAM_CONTROL_DATA_STR | S67: CPU2 | T67: 1 | U67: U16 | V67: 1：上传至UPM | W67: 控制参数设置 | X67: 102
A68: 下垂功能使能 | B68: U16_PCDropEn | C68: Sys_U16 | D68: 0:不使能 1:使能 | E68: 0 | F68: 2 | G68: 1 | H68: 2 | I68: 0 | J68: 1000 | K68: 0 | M68: RW | N68: N | O68: Y | P68: N | Q68: Y | R68: PARAM_CONTROL_DATA_STR | S68: CPU2 | T68: 1 | U68: U16 | V68: 1：上传至UPM | W68: 控制参数设置 | X68: 102
A69: 故障复位使能 | B69: U16_PCFaultClrEn | C69: Sys_U16 | D69: 0:不使能 1:使能 | E69: 0 | F69: 2 | G69: 1 | H69: 2 | I69: 0 | J69: 1000 | K69: 0 | M69: RW | N69: N | O69: Y | P69: N | Q69: Y | R69: PARAM_CONTROL_DATA_STR | S69: CPU2 | T69: 1 | U69: U16 | V69: 1：上传至UPM | W69: 控制参数设置 | X69: 102
A70: PCBoostC开环占空比给定 | B70: PC_BoostOpLoopDutySet | C70: Sys_F32 | E70: 6 | F70: 4 | G70: 1 | H70: 4 | I70: 0.000000 | J70: 1000.000000 | K70: 0.000000 | M70: RW | N70: N | O70: Y | P70: N | Q70: Y | R70: PARAM_CONTROL_DATA_STR | S70: CPU2 | T70: 1e-06 | U70: S32 | V70: 1：上传至UPM | W70: 控制参数设置 | X70: 102
A71: PCBuckC开环占空比给定 | B71: PC_BuckOpLoopDutySet | C71: Sys_F32 | E71: 6 | F71: 4 | G71: 1 | H71: 4 | I71: 0.000000 | J71: 1000.000000 | K71: 0.000000 | M71: RW | N71: N | O71: Y | P71: N | Q71: Y | R71: PARAM_CONTROL_DATA_STR | S71: CPU2 | T71: 1e-06 | U71: S32 | V71: 1：上传至UPM | W71: 控制参数设置 | X71: 102
A72: PCBoost输出电压设定 | B72: PC_BoostOutVolSet | C72: Sys_F32 | E72: 2 | F72: 4 | G72: 1 | H72: 4 | I72: 0.00 | J72: 500.00 | K72: 0.00 | M72: RW | N72: N | O72: Y | P72: N | Q72: Y | R72: PARAM_CONTROL_DATA_STR | S72: CPU2 | T72: 0.01 | U72: S32 | V72: 1：上传至UPM | W72: 控制参数设置 | X72: 102
A73: PCBuck输出电压设定 | B73: PC_BuckOutVolSet | C73: Sys_F32 | E73: 2 | F73: 4 | G73: 1 | H73: 4 | I73: 0.00 | J73: 1000.00 | K73: 0.00 | M73: RW | N73: N | O73: Y | P73: N | Q73: Y | R73: PARAM_CONTROL_DATA_STR | S73: CPU2 | T73: 0.01 | U73: S32 | V73: 1：上传至UPM | W73: 控制参数设置 | X73: 102
A74: PCBuck限流值设定 | B74: PC_BuckLmtCurSet | C74: Sys_F32 | E74: 2 | F74: 4 | G74: 1 | H74: 4 | I74: 0.00 | J74: 500.00 | K74: 0.00 | M74: RW | N74: N | O74: Y | P74: N | Q74: Y | R74: PARAM_CONTROL_DATA_STR | S74: CPU2 | T74: 0.01 | U74: S32 | V74: 1：上传至UPM | W74: 控制参数设置 | X74: 102
A75: PCBuck均流值设定 | B75: PC_BuckAverCurSet | C75: Sys_F32 | E75: 2 | F75: 4 | G75: 1 | H75: 4 | I75: 0.00 | J75: 500.00 | K75: 0.00 | M75: RW | N75: N | O75: Y | P75: N | Q75: Y | R75: PARAM_CONTROL_DATA_STR | S75: CPU2 | T75: 0.01 | U75: S32 | V75: 1：上传至UPM | W75: 控制参数设置 | X75: 102
A76: PC强制电池工作使能 | B76: PC_ComForceBatWrkEn | C76: Sys_U16 | D76: 0:不使能 1:使能 | E76: 0 | F76: 2 | G76: 1 | H76: 2 | I76: 0 | J76: 1 | K76: 0 | M76: RW | N76: N | O76: Y | P76: N | Q76: Y | R76: PARAM_CONTROL_DATA_STR | S76: CPU2 | T76: 1 | U76: U16 | V76: 1：上传至UPM | W76: 控制参数设置 | X76: 102
A77: 风扇转速手动控制使能 | B77: PC_FanSpeedRefEn | C77: Sys_U16 | D77: 0:不使能 1:使能 | E77: 0 | F77: 2 | G77: 1 | H77: 2 | I77: 0 | J77: 1 | K77: 0 | M77: RW | N77: N | O77: Y | P77: N | Q77: Y | R77: PARAM_CONTROL_DATA_STR | S77: CPU2 | T77: 1 | U77: U16 | V77: 1：上传至UPM | W77: 控制参数设置 | X77: 102
A78: 风扇转速手动控制参考值 | B78: PC_FanSpeedRef | C78: Sys_U16 | E78: 0 | F78: 2 | G78: 1 | H78: 2 | I78: 1000 | J78: 8100 | K78: 1000 | M78: RW | N78: N | O78: Y | P78: N | Q78: Y | R78: PARAM_CONTROL_DATA_STR | S78: CPU2 | T78: 1 | U78: U16 | V78: 1：上传至UPM | W78: 控制参数设置 | X78: 102
A79: 通用插桩信号1 | B79: U16_Test_Sgnl1 | C79: Sys_U16 | E79: 0 | F79: 2 | G79: 1 | H79: 2 | I79: 0 | J79: 65535 | K79: 0 | M79: RW | N79: N | O79: Y | P79: N | Q79: Y | R79: PARAM_CONTROL_DATA_STR | S79: CPU2 | T79: 1 | U79: U16 | V79: 1：上传至UPM | W79: 控制参数设置 | X79: 102
A80: 通用插桩信号2 | B80: U16_Test_Sgnl2 | C80: Sys_U16 | E80: 0 | F80: 2 | G80: 1 | H80: 2 | I80: 0 | J80: 65535 | K80: 0 | M80: RW | N80: N | O80: Y | P80: N | Q80: Y | R80: PARAM_CONTROL_DATA_STR | S80: CPU2 | T80: 1 | U80: U16 | V80: 1：上传至UPM | W80: 控制参数设置 | X80: 102
A81: 通用插桩信号3 | B81: U16_Test_Sgnl3 | C81: Sys_U16 | E81: 0 | F81: 2 | G81: 1 | H81: 2 | I81: 0 | J81: 65535 | K81: 0 | M81: RW | N81: N | O81: Y | P81: N | Q81: Y | R81: PARAM_CONTROL_DATA_STR | S81: CPU2 | T81: 1 | U81: U16 | V81: 1：上传至UPM | W81: 控制参数设置 | X81: 102
A82: 通用插桩信号4 | B82: U16_Test_Sgnl4 | C82: Sys_U16 | E82: 0 | F82: 2 | G82: 1 | H82: 2 | I82: 0 | J82: 65535 | K82: 0 | M82: RW | N82: N | O82: Y | P82: N | Q82: Y | R82: PARAM_CONTROL_DATA_STR | S82: CPU2 | T82: 1 | U82: U16 | V82: 1：上传至UPM | W82: 控制参数设置 | X82: 102
A83: 通用插桩信号5 | B83: U16_Test_Sgnl5 | C83: Sys_U16 | E83: 0 | F83: 2 | G83: 1 | H83: 2 | I83: 0 | J83: 65535 | K83: 0 | M83: RW | N83: N | O83: Y | P83: N | Q83: Y | R83: PARAM_CONTROL_DATA_STR | S83: CPU2 | T83: 1 | U83: U16 | V83: 1：上传至UPM | W83: 控制参数设置 | X83: 102
A84: 通用插桩信号6 | B84: U16_Test_Sgnl6 | C84: Sys_U16 | E84: 0 | F84: 2 | G84: 1 | H84: 2 | I84: 0 | J84: 65535 | K84: 0 | M84: RW | N84: N | O84: Y | P84: N | Q84: Y | R84: PARAM_CONTROL_DATA_STR | S84: CPU2 | T84: 1 | U84: U16 | V84: 1：上传至UPM | W84: 控制参数设置 | X84: 102
A85: 通用插桩信号7 | B85: U16_Test_Sgnl7 | C85: Sys_U16 | E85: 0 | F85: 2 | G85: 1 | H85: 2 | I85: 0 | J85: 65535 | K85: 0 | M85: RW | N85: N | O85: Y | P85: N | Q85: Y | R85: PARAM_CONTROL_DATA_STR | S85: CPU2 | T85: 1 | U85: U16 | V85: 1：上传至UPM | W85: 控制参数设置 | X85: 102
A86: 通用插桩信号8 | B86: U16_Test_Sgnl8 | C86: Sys_U16 | E86: 0 | F86: 2 | G86: 1 | H86: 2 | I86: 0 | J86: 65535 | K86: 0 | M86: RW | N86: N | O86: Y | P86: N | Q86: Y | R86: PARAM_CONTROL_DATA_STR | S86: CPU2 | T86: 1 | U86: U16 | V86: 1：上传至UPM | W86: 控制参数设置 | X86: 102
A87: 通用插桩信号9 | B87: U16_Test_Sgnl9 | C87: Sys_U16 | E87: 0 | F87: 2 | G87: 1 | H87: 2 | I87: 0 | J87: 65535 | K87: 0 | M87: RW | N87: N | O87: Y | P87: N | Q87: Y | R87: PARAM_CONTROL_DATA_STR | S87: CPU2 | T87: 1 | U87: U16 | V87: 1：上传至UPM | W87: 控制参数设置 | X87: 102
A88: 通用插桩信号10 | B88: U16_Test_Sgnl10 | C88: Sys_U16 | E88: 0 | F88: 2 | G88: 1 | H88: 2 | I88: 0 | J88: 65535 | K88: 0 | M88: RW | N88: N | O88: Y | P88: N | Q88: Y | R88: PARAM_CONTROL_DATA_STR | S88: CPU2 | T88: 1 | U88: U16 | V88: 1：上传至UPM | W88: 控制参数设置 | X88: 102
A89: CPU中断执行时间观测使能 | B89: PC_CpuIntRunTmMeaEn | C89: Sys_U16 | E89: 0 | F89: 2 | G89: 1 | H89: 2 | I89: 0 | J89: 1000 | K89: 0 | M89: RW | N89: N | O89: Y | P89: N | Q89: Y | R89: PARAM_CONTROL_DATA_STR | S89: CPU2 | T89: 1 | U89: U16 | V89: 1：上传至UPM | W89: 控制参数设置 | X89: 102
A90: 风扇1转速 | B90: U16_FanSpeed1 | C90: Sys_U16 | E90: 0 | F90: 2 | G90: 1 | H90: 2 | I90: 0 | J90: 10000 | K90: 0 | M90: RO | N90: N | O90: Y | P90: N | Q90: Y | R90: PARAM_MONITOR_DATA_STR_INT | S90: CPU2 | T90: 1 | U90: U16 | V90: 2：UPM进行轮询 | W90: 中断级观测量 | X90: 100
A91: 风扇2转速 | B91: U16_FanSpeed2 | C91: Sys_U16 | E91: 0 | F91: 2 | G91: 1 | H91: 2 | I91: 0 | J91: 10000 | K91: 0 | M91: RO | N91: N | O91: Y | P91: N | Q91: Y | R91: PARAM_MONITOR_DATA_STR_INT | S91: CPU2 | T91: 1 | U91: U16 | V91: 2：UPM进行轮询 | W91: 中断级观测量 | X91: 100
A92: 风扇3转速 | B92: U16_FanSpeed3 | C92: Sys_U16 | E92: 0 | F92: 2 | G92: 1 | H92: 2 | I92: 0 | J92: 10000 | K92: 0 | M92: RO | N92: N | O92: Y | P92: N | Q92: Y | R92: PARAM_MONITOR_DATA_STR_INT | S92: CPU2 | T92: 1 | U92: U16 | V92: 2：UPM进行轮询 | W92: 中断级观测量 | X92: 100
A93: 整流Rect1电压 | B93: F32_Rect1Vol | C93: Sys_F32 | E93: 2 | F93: 4 | G93: 1 | H93: 4 | I93: 0.00 | J93: 65535.00 | K93: -100.00 | L93: V | M93: RO | N93: N | O93: Y | P93: N | Q93: Y | R93: PARAM_MONITOR_DATA_STR_INT | S93: CPU1 | T93: 0.01 | U93: S32 | V93: 2：UPM进行轮询 | W93: 中断级观测量 | X93: 100
A94: 电网L-R to L-S线电压线电压 | B94: F32_LineVolRtoS | C94: Sys_F32 | E94: 2 | F94: 4 | G94: 1 | H94: 4 | I94: 0.00 | J94: 65535.00 | K94: -100.00 | L94: V | M94: RO | N94: N | O94: Y | P94: N | Q94: Y | R94: PARAM_MONITOR_DATA_STR_INT | S94: CPU1 | T94: 0.01 | U94: S32 | V94: 2：UPM进行轮询 | W94: 中断级观测量 | X94: 100
A95: 电网L-S to L-T线电压线电压 | B95: F32_LineVolStoT | C95: Sys_F32 | E95: 2 | F95: 4 | G95: 1 | H95: 4 | I95: 0.00 | J95: 65535.00 | K95: -100.00 | L95: V | M95: RO | N95: N | O95: Y | P95: N | Q95: Y | R95: PARAM_MONITOR_DATA_STR_INT | S95: CPU1 | T95: 0.01 | U95: S32 | V95: 2：UPM进行轮询 | W95: 中断级观测量 | X95: 100
A96: 电网R相电压 | B96: F32_PhaseVolR | C96: Sys_F32 | E96: 2 | F96: 4 | G96: 1 | H96: 4 | I96: 0.00 | J96: 65535.00 | K96: -100.00 | L96: V | M96: RO | N96: N | O96: Y | P96: N | Q96: Y | R96: PARAM_MONITOR_DATA_STR_INT | S96: CPU1 | T96: 0.01 | U96: S32 | V96: 2：UPM进行轮询 | W96: 中断级观测量 | X96: 100
A97: 电网S相电压 | B97: F32_PhaseVolS | C97: Sys_F32 | E97: 2 | F97: 4 | G97: 1 | H97: 4 | I97: 0.00 | J97: 65535.00 | K97: -100.00 | L97: V | M97: RO | N97: N | O97: Y | P97: N | Q97: Y | R97: PARAM_MONITOR_DATA_STR_INT | S97: CPU1 | T97: 0.01 | U97: S32 | V97: 2：UPM进行轮询 | W97: 中断级观测量 | X97: 100
A98: 电网T相电压 | B98: F32_PhaseVolT | C98: Sys_F32 | E98: 2 | F98: 4 | G98: 1 | H98: 4 | I98: 0.00 | J98: 65535.00 | K98: -100.00 | L98: V | M98: RO | N98: N | O98: Y | P98: N | Q98: Y | R98: PARAM_MONITOR_DATA_STR_INT | S98: CPU1 | T98: 0.01 | U98: S32 | V98: 2：UPM进行轮询 | W98: 中断级观测量 | X98: 100
A99: Boost输出母线电压 | B99: F32_BoostBusVol | C99: Sys_F32 | E99: 2 | F99: 4 | G99: 1 | H99: 4 | I99: 0.00 | J99: 65535.00 | K99: -100.00 | L99: V | M99: RO | N99: N | O99: Y | P99: N | Q99: Y | R99: PARAM_MONITOR_DATA_STR_INT | S99: CPU1 | T99: 0.01 | U99: S32 | V99: 2：UPM进行轮询 | W99: 中断级观测量 | X99: 100
A100: Buck输出电压 | B100: F32_OutputVol | C100: Sys_F32 | E100: 2 | F100: 4 | G100: 1 | H100: 4 | I100: 0.00 | J100: 65535.00 | K100: -100.00 | L100: V | M100: RO | N100: N | O100: Y | P100: N | Q100: Y | R100: PARAM_MONITOR_DATA_STR_INT | S100: CPU1 | T100: 0.01 | U100: S32 | V100: 2：UPM进行轮询 | W100: 中断级观测量 | X100: 100
...

Sheet UPM-DSP采集数据
A1: 数据定义 | B1: ENMU | C1: 数据类型 | D1: 离散值逻辑 | E1: 数据 长度 | F1: 默认值 | G1: 数据上限 | H1: 数据下限 | I1: 单位 | J1: 读写 权限 | K1: 精度 | L1: 数据上传 等级 | M1: UPP模型 名称 | N1: UPP地址 | O1: UPP偏移 | P1: arm 配置参数 | Q1: UPP 轮询间隔 | R1: 设置 优先级 | S1: 轮询 优先级 | T1: 回调函数 | U1: signID | V1: modbus 地址 | W1: 备注 | X1: CSU UPP模型号 | AA1: =COUNTA(A2:A437) -> 436
A2: {=SORTBY(IF(CHOOSECOLS(_xlfn.FILTER('DSP内部数据'!$A$2:$X$5009,'DSP内部数据'!$V$2:$V$5009<>"0：不上传"),1,2,21,4,8,9,10,11,12,13,20,22,23,24)="","",CHOOSECOLS(_xlfn.FILTER('DSP内部数据'!$A$2:$X$5009,'DSP内部数据'!$V$2:$V$5009<>"0：不上传"),1,2,21,4,8,9,10,11,12,13,20,22,23,24)),_xlfn.FILTER('DSP内部数据'!$X$2:$X$5009,'DSP内部数据'!$V$2:$V$5009<>"0：不上传"),1,_xlfn.FILTER('DSP内部数据'!$V$2:$V$5009,'DSP内部数据'!$V$2:$V$5009<>"0：不上传"),-1)} -> 固件版本号版本 | B2: ParamProductType | C2: STRING | E2: 30 | F2: 0 | G2: 65534 | H2: 0 | J2: RO | K2: 1 | L2: 2：UPM进行轮询 | M2: 系统参数1 | N2: 1 | O2: {=_xlfn.FILTER(_xlfn.SWITCH($A$2:$A$4896,"固件版本号版本",48,"机器型号",8,"机器版本号",24,"序列号",62,"机器型号编码",94,"设备类型编码",96,6+SUMIF(ROW($E$2:$E$4896),"<"&ROW($E$2:$E$4896),$E$2:$E$4896)-_xlfn.XLOOKUP($N$2:$N$4896,$N$2:$N$4896,SUMIF(ROW($E$2:$E$4896),"<"&ROW($E$2:$E$4896),$E$2:$E$4896),0)),$N$2:$N$4896<>"")} -> 48 | P2: {=_xlfn.FILTER(IF(ISNUMBER(MATCH($L$2:$L$4896,{"2：UPM进行轮询","3：CSU进行轮询"},0)),_xlfn.XLOOKUP($A$2:$A$4896,'UPM-DSP手动配置数据'!$A$2:$A$5005,'UPM-DSP手动配置数据'!$C$2:$H$5005,"#NOT_FOUND"),"※"),$A$2:$A$4896<>"")} -> 0 | Q2: 205 | R2: 0 | S2: 0 | T2: NULL | U2: 2582 | V2: {=_xlfn.FILTER(SUMIF(ROW($E$2:$E$4896),"<"&ROW($E$2:$E$4896),$E$2:$E$4896)/2,$E$2:$E$4896<>"")} -> 0 | X2: {=_xlfn.FILTER((M$2:M$5000="系统参数1")*1+(M$2:M$5000="系统参数2")*2+(M$2:M$5000="任务级观测量")*99+(M$2:M$5000="中断级观测量")*100+(M$2:M$5000="控制参数设置")*102+(M$2:M$5000="任务级标定量")*103,M$2:M$5000<>"")} -> 1
A3: 机器型号 | B3: ParamProductCode | C3: STRING | E3: 16 | F3: 0 | G3: 65535 | H3: 0 | J3: RO | K3: 1 | L3: 2：UPM进行轮询 | M3: 系统参数2 | N3: 2 | O3: 8 | P3: 0 | Q3: 205 | R3: 0 | S3: 0 | T3: NULL | U3: 2516 | V3: 15 | X3: 2
A4: 机器版本号 | B4: ParamClientCode | C4: STRING | E4: 20 | F4: 0 | G4: 65535 | H4: 0 | J4: RO | K4: 1 | L4: 2：UPM进行轮询 | M4: 系统参数2 | N4: 2 | O4: 24 | P4: 0 | Q4: 205 | R4: 0 | S4: 0 | T4: NULL | U4: 2524 | V4: 23 | X4: 2
A5: 机器型号编码 | B5: ParamType | C5: U16 | E5: 2 | F5: 0 | G5: 65535 | H5: 0 | J5: RO | K5: 1 | L5: 2：UPM进行轮询 | M5: 系统参数2 | N5: 2 | O5: 94 | P5: 0 | Q5: 205 | R5: 0 | S5: 0 | T5: NULL | U5: 2515 | V5: 33 | X5: 2
A6: 设备类型编码 | B6: ParamMatrilCode | C6: U16 | E6: 2 | F6: 0 | G6: 65535 | H6: 0 | J6: RO | K6: 1 | L6: 2：UPM进行轮询 | M6: 系统参数2 | N6: 2 | O6: 96 | P6: 0 | Q6: 205 | R6: 0 | S6: 0 | T6: NULL | U6: 1481 | V6: 34 | X6: 2
A7: 序列号 | B7: ParamVehicleType | C7: STRING | E7: 20 | F7: 0 | G7: 65535 | H7: 0 | J7: RW | K7: 1 | L7: 2：UPM进行轮询 | M7: 系统参数2 | N7: 2 | O7: 62 | P7: 0 | Q7: 205 | R7: 0 | S7: 0 | T7: NULL | U7: 14 | V7: 35 | X7: 2
A8: DCDC任务级故障字1 | B8: DcdcTskFwFltFlg1 | C8: U16 | D8: bit0:RECT1温度过温 bit1:RECT2温度过温 bit2:BST温度过温 bit3:Buck温度过温 bit4:环境温度过温 bit5:预留5 bit6:电网缺相 bit7:Rect输出母线过压 bit8:Rect输出母线欠压 bit9:Boost输出母线过压 bit10:Boost输出母线欠压 bit11:Buck输出母线过压 bit12:Buck输出母线欠压 bit13:Can通信超时 bit14:预留14 bit15:预留15 | E8: 2 | F8: 0 | G8: 65535 | H8: 0 | J8: RO | K8: 1 | L8: 3：CSU进行轮询 | M8: 任务级观测量 | N8: 99 | O8: 6 | P8: 0 | Q8: 3 | R8: 0 | S8: 0 | T8: NULL | U8: 1007 | V8: 45 | X8: 99
A9: DCDC任务级故障字2 | B9: DcdcTskFwFltFlg2 | C9: U16 | D9: bit0:BST1过流 bit1:BST2过流 bit2:BST3过流 bit3:BST4过流 bit4:BUCK1过流 bit5:BUCK2过流 bit6:BUCK3过流 bit7:BUCK4过流 bit8:预留8 bit9:预留9 bit10:预留10 bit11:预留11 bit12:预留12 bit13:预留13 bit14:预留14 bit15:预留15 | E9: 2 | F9: 0 | G9: 65535 | H9: 0 | J9: RO | K9: 1 | L9: 2：UPM进行轮询 | M9: 任务级观测量 | N9: 99 | O9: 8 | P9: 0 | Q9: 3 | R9: 0 | S9: 0 | T9: NULL | U9: 1008 | V9: 46 | X9: 99
A10: DCDC任务级故障字3 | B10: DcdcTskFwFltFlg3 | C10: U16 | D10: bit0:输出过流 bit1:预留1 bit2:RECT1温度NTC异常 bit3:RECT2温度NTC异常 bit4:BST温度NTC异常 bit5:BUCK温度NTC异常 bit6:环境温度NTC异常 bit7:功率继电器开路 bit8:功率继电器粘连 bit9:风扇1转速异常 bit10:风扇2转速异常 bit11:风扇3转速异常 bit12:晶闸管故障 bit13:电池IGBT故障 bit14:预留14 bit15:预留15 | E10: 2 | F10: 0 | G10: 65535 | H10: 0 | J10: RO | K10: 1 | L10: 2：UPM进行轮询 | M10: 任务级观测量 | N10: 99 | O10: 10 | P10: 0 | Q10: 3 | R10: 0 | S10: 0 | T10: NULL | U10: 1009 | V10: 47 | X10: 99
A11: DCDC任务级故障字4 | B11: DcdcTskFwFltFlg4 | C11: U16 | D11: bit0:预充超时 bit1:预留1 bit2:预留2 bit3:预留3 bit4:预留4 bit5:预留5 bit6:预留6 bit7:预留7 bit8:预留8 bit9:预留9 bit10:预留10 bit11:预留11 bit12:预留12 bit13:预留13 bit14:预留14 bit15:预留15 | E11: 2 | F11: 0 | G11: 65535 | H11: 0 | J11: RO | K11: 1 | L11: 2：UPM进行轮询 | M11: 任务级观测量 | N11: 99 | O11: 12 | P11: 0 | Q11: 3 | R11: 0 | S11: 0 | T11: NULL | U11: 1010 | V11: 48 | X11: 99
A12: DCDC任务级告警字1 | B12: DcdcTskWarnFltFlg1 | C12: U16 | D12: bit0:RECT1温度过温 bit1:RECT2温度过温 bit2:BST温度过温 bit3:Buck温度过温 bit4:环境温度过温 bit5:预留5 bit6:电网R相电压过压 bit7:电网S相电压过压 bit8:电网T相电压过压 bit9:电网R相电压欠压 bit10:电网S相电压欠压 bit11:电网T相电压欠压 bit12:电网过频 bit13:电网欠频 bit14:电池过压 bit15:电池欠压 | E12: 2 | F12: 0 | G12: 65535 | H12: 0 | J12: RO | K12: 1 | L12: 2：UPM进行轮询 | M12: 任务级观测量 | N12: 99 | O12: 14 | P12: 0 | Q12: 3 | R12: 0 | S12: 0 | T12: NULL | U12: 1011 | V12: 49 | X12: 99
A13: DCDC任务级告警字2 | B13: DcdcTskWarnFltFlg2 | C13: U16 | D13: bit0:RECT1温度NTC异常 bit1:RECT2温度NTC异常 bit2:BST温度NTC异常 bit3:BUCK温度NTC异常 bit4:环境温度NTC异常 bit5:功率继电器开路 bit6:功率继电器粘连 bit7:风扇1转速异常 bit8:风扇2转速异常 bit9:风扇3转速异常 bit10:晶闸管故障 bit11:电池IGBT故障 bit12:Can通信超时 bit13:输出过载降额 bit14:预留14 bit15:输出过流 | E13: 2 | F13: 0 | G13: 65535 | H13: 0 | J13: RO | K13: 1 | L13: 2：UPM进行轮询 | M13: 任务级观测量 | N13: 99 | O13: 16 | P13: 0 | Q13: 3 | R13: 0 | S13: 0 | T13: NULL | U13: 1012 | V13: 50 | X13: 99
A14: DCDC任务级告警字3 | B14: DcdcTskWarnFltFlg3 | C14: U16 | D14: bit0:预充超时 bit1:RECT1温度降额 bit2:RECT2温度降额 bit3:BST温度降额 bit4:BUCK温度降额 bit5:环境温度降额 bit6:海拔降额 bit7:CellID识别错误 bit8:预留8 bit9:预留9 bit10:预留10 bit11:预留11 bit12:预留12 bit13:预留13 bit14:预留14 bit15:预留15 | E14: 2 | F14: 0 | G14: 65535 | H14: 0 | J14: RO | K14: 1 | L14: 2：UPM进行轮询 | M14: 任务级观测量 | N14: 99 | O14: 18 | P14: 0 | Q14: 3 | R14: 0 | S14: 0 | T14: NULL | U14: 1013 | V14: 51 | X14: 99
A15: 主状态机工作模式 | B15: MainWrkMode | C15: U16 | D15: 0: Init 1: Standby 2: Work 3: Fault 4: off 5: OpenPrecharge 6: OpenLoopWrk | E15: 2 | F15: 0 | G15: 500 | H15: 0 | J15: RO | K15: 1 | L15: 2：UPM进行轮询 | M15: 任务级观测量 | N15: 99 | O15: 20 | P15: 0 | Q15: 3 | R15: 0 | S15: 0 | T15: NULL | U15: 1014 | V15: 52 | X15: 99
A16: 不控整流输出侧预充继电器闭合指令 | B16: U16_RLYBSTEn | C16: U16 | D16: 0:不使能 1:使能 2:降损 | E16: 2 | F16: 0 | G16: 99 | H16: 0 | J16: RO | K16: 1 | L16: 1：上传至UPM | M16: 任务级观测量 | N16: 99 | O16: 22 | P16: ※ | Q16: ※ | R16: ※ | S16: ※ | T16: ※ | U16: ※ | V16: 53 | X16: 99
A17: Boost输出侧预充继电器闭合指令 | B17: U16_RLYBUSEn | C17: U16 | D17: 0:不使能 1:使能 | E17: 2 | F17: 0 | G17: 99 | H17: 0 | J17: RO | K17: 1 | L17: 1：上传至UPM | M17: 任务级观测量 | N17: 99 | O17: 24 | P17: ※ | Q17: ※ | R17: ※ | S17: ※ | T17: ※ | U17: ※ | V17: 54 | X17: 99
A18: 输出侧预充继电器闭合指令 | B18: U16_RLYOUTEn | C18: U16 | D18: 0:不使能 1:使能 | E18: 2 | F18: 0 | G18: 99 | H18: 0 | J18: RO | K18: 1 | L18: 1：上传至UPM | M18: 任务级观测量 | N18: 99 | O18: 26 | P18: ※ | Q18: ※ | R18: ※ | S18: ※ | T18: ※ | U18: ※ | V18: 55 | X18: 99
A19: Cell类型 | B19: U16_CellType | C19: U16 | D19: 0:UNDEF 1:CHARGER_CELL 2:POWER_CELL1 3:POWER_CELL2 4:POWER_CELL3 5:POWER_CELL4 6:POWER_CELL5 7:POWER_CELL6 8:POWER_CELL7 | E19: 2 | F19: 0 | G19: 1 | H19: 0 | J19: RO | K19: 1 | L19: 1：上传至UPM | M19: 任务级观测量 | N19: 99 | O19: 28 | P19: ※ | Q19: ※ | R19: ※ | S19: ※ | T19: ※ | U19: ※ | V19: 56 | X19: 99
A20: DCDC中断负载运行总时间 | B20: DcdcIntLoadTotalRunTm | C20: S32 | E20: 4 | F20: 0.00000000 | G20: 5.00000000 | H20: 0.00000000 | J20: RO | K20: 1e-08 | L20: 1：上传至UPM | M20: 任务级观测量 | N20: 99 | O20: 30 | P20: ※ | Q20: ※ | R20: ※ | S20: ※ | T20: ※ | U20: ※ | V20: 57 | X20: 99
A21: RECT1温度降额系数输出值 | B21: Rect1TemDerateCoffOut | C21: S32 | E21: 4 | F21: 1.50 | G21: 2.00 | H21: 0.00 | J21: RO | K21: 0.01 | L21: 1：上传至UPM | M21: 任务级观测量 | N21: 99 | O21: 34 | P21: ※ | Q21: ※ | R21: ※ | S21: ※ | T21: ※ | U21: ※ | V21: 59 | X21: 99
A22: RECT2温度降额系数输出值 | B22: Rect2TemDerateCoffOut | C22: S32 | E22: 4 | F22: 1.50 | G22: 2.00 | H22: 0.00 | J22: RO | K22: 0.01 | L22: 1：上传至UPM | M22: 任务级观测量 | N22: 99 | O22: 38 | P22: ※ | Q22: ※ | R22: ※ | S22: ※ | T22: ※ | U22: ※ | V22: 61 | X22: 99
A23: BST温度降额系数输出值 | B23: BstTemDerateCoffOut | C23: S32 | E23: 4 | F23: 1.50 | G23: 2.00 | H23: 0.00 | J23: RO | K23: 0.01 | L23: 1：上传至UPM | M23: 任务级观测量 | N23: 99 | O23: 42 | P23: ※ | Q23: ※ | R23: ※ | S23: ※ | T23: ※ | U23: ※ | V23: 63 | X23: 99
A24: BUCK温度降额系数输出值 | B24: BuckTemDerateCoffOut | C24: S32 | E24: 4 | F24: 1.50 | G24: 2.00 | H24: 0.00 | J24: RO | K24: 0.01 | L24: 1：上传至UPM | M24: 任务级观测量 | N24: 99 | O24: 46 | P24: ※ | Q24: ※ | R24: ※ | S24: ※ | T24: ※ | U24: ※ | V24: 65 | X24: 99
A25: 环境温度降额系数输出值 | B25: AmbTemDerateCoffOut | C25: S32 | E25: 4 | F25: 1.50 | G25: 2.00 | H25: 0.00 | J25: RO | K25: 0.01 | L25: 1：上传至UPM | M25: 任务级观测量 | N25: 99 | O25: 50 | P25: ※ | Q25: ※ | R25: ※ | S25: ※ | T25: ※ | U25: ※ | V25: 67 | X25: 99
A26: 输出过载降额系数输出值 | B26: OutputOverloadDerateCoffOut | C26: S32 | E26: 4 | F26: 1.50 | G26: 2.00 | H26: 0.00 | J26: RO | K26: 0.01 | L26: 1：上传至UPM | M26: 任务级观测量 | N26: 99 | O26: 54 | P26: ※ | Q26: ※ | R26: ※ | S26: ※ | T26: ※ | U26: ※ | V26: 69 | X26: 99
A27: 总降额系数输出值 | B27: TotalDerateCoffOut | C27: S32 | E27: 4 | F27: 1.50 | G27: 2.00 | H27: 0.00 | J27: RO | K27: 0.01 | L27: 1：上传至UPM | M27: 任务级观测量 | N27: 99 | O27: 58 | P27: ※ | Q27: ※ | R27: ※ | S27: ※ | T27: ※ | U27: ※ | V27: 71 | X27: 99
A28: 降额模块输出限流值 | B28: TotalDerateCurrLmt | C28: S32 | E28: 4 | F28: 1.50 | G28: 2.00 | H28: 0.00 | J28: RO | K28: 0.01 | L28: 1：上传至UPM | M28: 任务级观测量 | N28: 99 | O28: 62 | P28: ※ | Q28: ※ | R28: ※ | S28: ※ | T28: ※ | U28: ※ | V28: 73 | X28: 99
A29: RECT1采样温度 | B29: F32_Rect1Tem | C29: S32 | E29: 4 | F29: 0.00 | G29: 200.00 | H29: -100.00 | I29: ℃ | J29: RO | K29: 0.01 | L29: 1：上传至UPM | M29: 任务级观测量 | N29: 99 | O29: 66 | P29: ※ | Q29: ※ | R29: ※ | S29: ※ | T29: ※ | U29: ※ | V29: 75 | X29: 99
A30: RECT2采样温度 | B30: F32_Rect2Tem | C30: S32 | E30: 4 | F30: 0.00 | G30: 200.00 | H30: -100.00 | I30: ℃ | J30: RO | K30: 0.01 | L30: 1：上传至UPM | M30: 任务级观测量 | N30: 99 | O30: 70 | P30: ※ | Q30: ※ | R30: ※ | S30: ※ | T30: ※ | U30: ※ | V30: 77 | X30: 99
A31: BST采样温度 | B31: F32_BstTem | C31: S32 | E31: 4 | F31: 0.00 | G31: 200.00 | H31: -100.00 | I31: ℃ | J31: RO | K31: 0.01 | L31: 1：上传至UPM | M31: 任务级观测量 | N31: 99 | O31: 74 | P31: ※ | Q31: ※ | R31: ※ | S31: ※ | T31: ※ | U31: ※ | V31: 79 | X31: 99
A32: BUCK采样温度 | B32: F32_BuckTem | C32: S32 | E32: 4 | F32: 0.00 | G32: 200.00 | H32: -100.00 | I32: ℃ | J32: RO | K32: 0.01 | L32: 1：上传至UPM | M32: 任务级观测量 | N32: 99 | O32: 78 | P32: ※ | Q32: ※ | R32: ※ | S32: ※ | T32: ※ | U32: ※ | V32: 81 | X32: 99
A33: 环境采样温度 | B33: F32_AmbTem | C33: S32 | E33: 4 | F33: 0.00 | G33: 200.00 | H33: -100.00 | I33: ℃ | J33: RO | K33: 0.01 | L33: 1：上传至UPM | M33: 任务级观测量 | N33: 99 | O33: 82 | P33: ※ | Q33: ※ | R33: ※ | S33: ※ | T33: ※ | U33: ※ | V33: 83 | X33: 99
A34: 自定义整型观测信号1 | B34: U16_Test_Sgnl1Mea | C34: U16 | E34: 2 | F34: 0 | G34: 65535 | H34: 0 | J34: RO | K34: 1 | L34: 1：上传至UPM | M34: 任务级观测量 | N34: 99 | O34: 86 | P34: ※ | Q34: ※ | R34: ※ | S34: ※ | T34: ※ | U34: ※ | V34: 85 | X34: 99
A35: 自定义整型观测信号2 | B35: U16_Test_Sgnl2Mea | C35: U16 | E35: 2 | F35: 0 | G35: 65535 | H35: 0 | J35: RO | K35: 1 | L35: 1：上传至UPM | M35: 任务级观测量 | N35: 99 | O35: 88 | P35: ※ | Q35: ※ | R35: ※ | S35: ※ | T35: ※ | U35: ※ | V35: 86 | X35: 99
A36: 自定义整型观测信号3 | B36: U16_Test_Sgnl3Mea | C36: U16 | E36: 2 | F36: 0 | G36: 65535 | H36: 0 | J36: RO | K36: 1 | L36: 1：上传至UPM | M36: 任务级观测量 | N36: 99 | O36: 90 | P36: ※ | Q36: ※ | R36: ※ | S36: ※ | T36: ※ | U36: ※ | V36: 87 | X36: 99
A37: 自定义整型观测信号4 | B37: U16_Test_Sgnl4Mea | C37: U16 | E37: 2 | F37: 0 | G37: 65535 | H37: 0 | J37: RO | K37: 1 | L37: 1：上传至UPM | M37: 任务级观测量 | N37: 99 | O37: 92 | P37: ※ | Q37: ※ | R37: ※ | S37: ※ | T37: ※ | U37: ※ | V37: 88 | X37: 99
A38: 自定义整型观测信号5 | B38: U16_Test_Sgnl5Mea | C38: U16 | E38: 2 | F38: 0 | G38: 65535 | H38: 0 | J38: RO | K38: 1 | L38: 1：上传至UPM | M38: 任务级观测量 | N38: 99 | O38: 94 | P38: ※ | Q38: ※ | R38: ※ | S38: ※ | T38: ※ | U38: ※ | V38: 89 | X38: 99
A39: 自定义整型观测信号6 | B39: U16_Test_Sgnl6Mea | C39: U16 | E39: 2 | F39: 0 | G39: 65535 | H39: 0 | J39: RO | K39: 1 | L39: 1：上传至UPM | M39: 任务级观测量 | N39: 99 | O39: 96 | P39: ※ | Q39: ※ | R39: ※ | S39: ※ | T39: ※ | U39: ※ | V39: 90 | X39: 99
A40: 自定义整型观测信号7 | B40: U16_Test_Sgnl7Mea | C40: U16 | E40: 2 | F40: 0 | G40: 65535 | H40: 0 | J40: RO | K40: 1 | L40: 1：上传至UPM | M40: 任务级观测量 | N40: 99 | O40: 98 | P40: ※ | Q40: ※ | R40: ※ | S40: ※ | T40: ※ | U40: ※ | V40: 91 | X40: 99
A41: 自定义整型观测信号8 | B41: U16_Test_Sgnl8Mea | C41: U16 | E41: 2 | F41: 0 | G41: 65535 | H41: 0 | J41: RO | K41: 1 | L41: 1：上传至UPM | M41: 任务级观测量 | N41: 99 | O41: 100 | P41: ※ | Q41: ※ | R41: ※ | S41: ※ | T41: ※ | U41: ※ | V41: 92 | X41: 99
A42: 自定义整型观测信号9 | B42: U16_Test_Sgnl9Mea | C42: U16 | E42: 2 | F42: 0 | G42: 65535 | H42: 0 | J42: RO | K42: 1 | L42: 1：上传至UPM | M42: 任务级观测量 | N42: 99 | O42: 102 | P42: ※ | Q42: ※ | R42: ※ | S42: ※ | T42: ※ | U42: ※ | V42: 93 | X42: 99
A43: 自定义整型观测信号10 | B43: U16_Test_Sgnl10Mea | C43: U16 | E43: 2 | F43: 0 | G43: 65535 | H43: 0 | J43: RO | K43: 1 | L43: 1：上传至UPM | M43: 任务级观测量 | N43: 99 | O43: 104 | P43: ※ | Q43: ※ | R43: ※ | S43: ※ | T43: ※ | U43: ※ | V43: 94 | X43: 99
A44: 自定义浮点观测信号1 | B44: F32_Test_Sgnl1Mea | C44: S32 | E44: 4 | F44: 0.0000 | G44: 65535.0000 | H44: 0.0000 | J44: RO | K44: 0.0001 | L44: 1：上传至UPM | M44: 任务级观测量 | N44: 99 | O44: 106 | P44: ※ | Q44: ※ | R44: ※ | S44: ※ | T44: ※ | U44: ※ | V44: 95 | X44: 99
A45: 自定义浮点观测信号2 | B45: F32_Test_Sgnl2Mea | C45: S32 | E45: 4 | F45: 0.0000 | G45: 65535.0000 | H45: 0.0000 | J45: RO | K45: 0.0001 | L45: 1：上传至UPM | M45: 任务级观测量 | N45: 99 | O45: 110 | P45: ※ | Q45: ※ | R45: ※ | S45: ※ | T45: ※ | U45: ※ | V45: 97 | X45: 99
A46: 自定义浮点观测信号3 | B46: F32_Test_Sgnl3Mea | C46: S32 | E46: 4 | F46: 0.0000 | G46: 65535.0000 | H46: 0.0000 | J46: RO | K46: 0.0001 | L46: 1：上传至UPM | M46: 任务级观测量 | N46: 99 | O46: 114 | P46: ※ | Q46: ※ | R46: ※ | S46: ※ | T46: ※ | U46: ※ | V46: 99 | X46: 99
A47: 自定义浮点观测信号4 | B47: F32_Test_Sgnl4Mea | C47: S32 | E47: 4 | F47: 0.0000 | G47: 65535.0000 | H47: 0.0000 | J47: RO | K47: 0.0001 | L47: 1：上传至UPM | M47: 任务级观测量 | N47: 99 | O47: 118 | P47: ※ | Q47: ※ | R47: ※ | S47: ※ | T47: ※ | U47: ※ | V47: 101 | X47: 99
A48: 自定义浮点观测信号5 | B48: F32_Test_Sgnl5Mea | C48: S32 | E48: 4 | F48: 0.0000 | G48: 65535.0000 | H48: 0.0000 | J48: RO | K48: 0.0001 | L48: 1：上传至UPM | M48: 任务级观测量 | N48: 99 | O48: 122 | P48: ※ | Q48: ※ | R48: ※ | S48: ※ | T48: ※ | U48: ※ | V48: 103 | X48: 99
A49: 自定义浮点观测信号6 | B49: F32_Test_Sgnl6Mea | C49: S32 | E49: 4 | F49: 0.0000 | G49: 65535.0000 | H49: 0.0000 | J49: RO | K49: 0.0001 | L49: 1：上传至UPM | M49: 任务级观测量 | N49: 99 | O49: 126 | P49: ※ | Q49: ※ | R49: ※ | S49: ※ | T49: ※ | U49: ※ | V49: 105 | X49: 99
A50: 自定义浮点观测信号7 | B50: F32_Test_Sgnl7Mea | C50: S32 | E50: 4 | F50: 0.0000 | G50: 65535.0000 | H50: 0.0000 | J50: RO | K50: 0.0001 | L50: 1：上传至UPM | M50: 任务级观测量 | N50: 99 | O50: 130 | P50: ※ | Q50: ※ | R50: ※ | S50: ※ | T50: ※ | U50: ※ | V50: 107 | X50: 99
A51: 自定义浮点观测信号8 | B51: F32_Test_Sgnl8Mea | C51: S32 | E51: 4 | F51: 0.0000 | G51: 65535.0000 | H51: 0.0000 | J51: RO | K51: 0.0001 | L51: 1：上传至UPM | M51: 任务级观测量 | N51: 99 | O51: 134 | P51: ※ | Q51: ※ | R51: ※ | S51: ※ | T51: ※ | U51: ※ | V51: 109 | X51: 99
A52: 自定义浮点观测信号9 | B52: F32_Test_Sgnl9Mea | C52: S32 | E52: 4 | F52: 0.0000 | G52: 65535.0000 | H52: 0.0000 | J52: RO | K52: 0.0001 | L52: 1：上传至UPM | M52: 任务级观测量 | N52: 99 | O52: 138 | P52: ※ | Q52: ※ | R52: ※ | S52: ※ | T52: ※ | U52: ※ | V52: 111 | X52: 99
A53: 自定义浮点观测信号10 | B53: F32_Test_Sgnl10Mea | C53: S32 | E53: 4 | F53: 0.0000 | G53: 65535.0000 | H53: 0.0000 | J53: RO | K53: 0.0001 | L53: 1：上传至UPM | M53: 任务级观测量 | N53: 99 | O53: 142 | P53: ※ | Q53: ※ | R53: ※ | S53: ※ | T53: ※ | U53: ※ | V53: 113 | X53: 99
A54: 风扇1转速 | B54: U16_FanSpeed1 | C54: U16 | E54: 2 | F54: 0 | G54: 10000 | H54: 0 | J54: RO | K54: 1 | L54: 2：UPM进行轮询 | M54: 中断级观测量 | N54: 100 | O54: 6 | P54: 0 | Q54: 3 | R54: 0 | S54: 0 | T54: NULL | U54: 1039 | V54: 115 | X54: 100
A55: 风扇2转速 | B55: U16_FanSpeed2 | C55: U16 | E55: 2 | F55: 0 | G55: 10000 | H55: 0 | J55: RO | K55: 1 | L55: 2：UPM进行轮询 | M55: 中断级观测量 | N55: 100 | O55: 8 | P55: 0 | Q55: 3 | R55: 0 | S55: 0 | T55: NULL | U55: 1040 | V55: 116 | X55: 100
A56: 风扇3转速 | B56: U16_FanSpeed3 | C56: U16 | E56: 2 | F56: 0 | G56: 10000 | H56: 0 | J56: RO | K56: 1 | L56: 2：UPM进行轮询 | M56: 中断级观测量 | N56: 100 | O56: 10 | P56: 0 | Q56: 3 | R56: 0 | S56: 0 | T56: NULL | U56: 1041 | V56: 117 | X56: 100
A57: 整流Rect1电压 | B57: F32_Rect1Vol | C57: S32 | E57: 4 | F57: 0.00 | G57: 65535.00 | H57: -100.00 | I57: V | J57: RO | K57: 0.01 | L57: 2：UPM进行轮询 | M57: 中断级观测量 | N57: 100 | O57: 12 | P57: 0 | Q57: 3 | R57: 0 | S57: 0 | T57: NULL | U57: 1021 | V57: 118 | X57: 100
A58: 电网L-R to L-S线电压线电压 | B58: F32_LineVolRtoS | C58: S32 | E58: 4 | F58: 0.00 | G58: 65535.00 | H58: -100.00 | I58: V | J58: RO | K58: 0.01 | L58: 2：UPM进行轮询 | M58: 中断级观测量 | N58: 100 | O58: 16 | P58: 0 | Q58: 3 | R58: 0 | S58: 0 | T58: NULL | U58: 1022 | V58: 120 | X58: 100
A59: 电网L-S to L-T线电压线电压 | B59: F32_LineVolStoT | C59: S32 | E59: 4 | F59: 0.00 | G59: 65535.00 | H59: -100.00 | I59: V | J59: RO | K59: 0.01 | L59: 2：UPM进行轮询 | M59: 中断级观测量 | N59: 100 | O59: 20 | P59: 0 | Q59: 3 | R59: 0 | S59: 0 | T59: NULL | U59: 1023 | V59: 122 | X59: 100
A60: 电网R相电压 | B60: F32_PhaseVolR | C60: S32 | E60: 4 | F60: 0.00 | G60: 65535.00 | H60: -100.00 | I60: V | J60: RO | K60: 0.01 | L60: 2：UPM进行轮询 | M60: 中断级观测量 | N60: 100 | O60: 24 | P60: 0 | Q60: 3 | R60: 0 | S60: 0 | T60: NULL | U60: 1024 | V60: 124 | X60: 100
A61: 电网S相电压 | B61: F32_PhaseVolS | C61: S32 | E61: 4 | F61: 0.00 | G61: 65535.00 | H61: -100.00 | I61: V | J61: RO | K61: 0.01 | L61: 2：UPM进行轮询 | M61: 中断级观测量 | N61: 100 | O61: 28 | P61: 0 | Q61: 3 | R61: 0 | S61: 0 | T61: NULL | U61: 1025 | V61: 126 | X61: 100
A62: 电网T相电压 | B62: F32_PhaseVolT | C62: S32 | E62: 4 | F62: 0.00 | G62: 65535.00 | H62: -100.00 | I62: V | J62: RO | K62: 0.01 | L62: 2：UPM进行轮询 | M62: 中断级观测量 | N62: 100 | O62: 32 | P62: 0 | Q62: 3 | R62: 0 | S62: 0 | T62: NULL | U62: 1026 | V62: 128 | X62: 100
A63: Boost输出母线电压 | B63: F32_BoostBusVol | C63: S32 | E63: 4 | F63: 0.00 | G63: 65535.00 | H63: -100.00 | I63: V | J63: RO | K63: 0.01 | L63: 2：UPM进行轮询 | M63: 中断级观测量 | N63: 100 | O63: 36 | P63: 0 | Q63: 3 | R63: 0 | S63: 0 | T63: NULL | U63: 1027 | V63: 130 | X63: 100
A64: Buck输出电压 | B64: F32_OutputVol | C64: S32 | E64: 4 | F64: 0.00 | G64: 65535.00 | H64: -100.00 | I64: V | J64: RO | K64: 0.01 | L64: 2：UPM进行轮询 | M64: 中断级观测量 | N64: 100 | O64: 40 | P64: 0 | Q64: 3 | R64: 0 | S64: 0 | T64: NULL | U64: 1028 | V64: 132 | X64: 100
A65: 电池电压 | B65: F32_BatVol | C65: S32 | E65: 4 | F65: 0.00 | G65: 65535.00 | H65: -100.00 | I65: A | J65: RO | K65: 0.01 | L65: 2：UPM进行轮询 | M65: 中断级观测量 | N65: 100 | O65: 44 | P65: 0 | Q65: 3 | R65: 0 | S65: 0 | T65: NULL | U65: 1029 | V65: 134 | X65: 100
A66: Buck输出电流 | B66: F32_OutputCurr | C66: S32 | E66: 4 | F66: 0.00 | G66: 65535.00 | H66: -100.00 | I66: A | J66: RO | K66: 0.01 | L66: 2：UPM进行轮询 | M66: 中断级观测量 | N66: 100 | O66: 48 | P66: 0 | Q66: 3 | R66: 0 | S66: 0 | T66: NULL | U66: 1030 | V66: 136 | X66: 100
A67: 中断故障字1 | B67: U16_IntFaultWord1 | C67: U16 | D67: bit0:Boost1电感软件过流故障 bit1:Boost2电感软件过流故障 bit2:Boost3电感软件过流故障 bit3:Boost4电感软件过流故障 bit4:Buck1电感软件过流故障 bit5:Buck2电感软件过流故障 bit6:Buck3电感软件过流故障 bit7:Buck4电感软件过流故障 bit8:Boost1电感硬件过流故障 bit9:Boost2电感硬件过流故障 bit10:Boost3电感硬件过流故障 bit11:Boost4电感硬件过流故障 bit12:Buck1电感硬件过流故障 bit13:Buck2电感硬件过流故障 bit14:Buck3电感硬件过流故障 bit15:Buck4电感硬件过流故障 | E67: 2 | F67: 0 | G67: 65535 | H67: 0 | J67: RO | K67: 1 | L67: 2：UPM进行轮询 | M67: 中断级观测量 | N67: 100 | O67: 52 | P67: 0 | Q67: 3 | R67: 0 | S67: 0 | T67: NULL | U67: 1031 | V67: 138 | X67: 100
A68: 中断故障字2 | B68: U16_IntFaultWord2 | C68: U16 | D68: bit0:Boost输出硬件过压故障 bit1:Buck输出硬件过压故障 bit2:保留2 bit3:保留3 bit4:保留4 bit5:保留5 bit6:保留6 bit7:保留7 bit8:保留8 bit9:保留9 bit10:保留10 bit11:保留11 bit12:保留12 bit13:保留13 bit14:保留14 bit15:保留15 | E68: 2 | F68: 0 | G68: 65535 | H68: 0 | J68: RO | K68: 1 | L68: 2：UPM进行轮询 | M68: 中断级观测量 | N68: 100 | O68: 54 | P68: 0 | Q68: 3 | R68: 0 | S68: 0 | T68: NULL | U68: 1032 | V68: 139 | X68: 100
A69: 中断告警字1 | B69: U16_IntWarnWord1 | C69: U16 | D69: bit0:Boost1电感软件过流警告 bit1:Boost2电感软件过流警告 bit2:Boost3电感软件过流警告 bit3:Boost4电感软件过流警告 bit4:Buck1电感软件过流警告 bit5:Buck2电感软件过流警告 bit6:Buck3电感软件过流警告 bit7:Buck4电感软件过流警告 bit8:Boost1电感硬件过流警告 bit9:Boost2电感硬件过流警告 bit10:Boost3电感硬件过流警告 bit11:Boost4电感硬件过流警告 bit12:Buck1电感硬件过流警告 bit13:Buck2电感硬件过流警告 bit14:Buck3电感硬件过流警告 bit15:Buck4电感硬件过流警告 | E69: 2 | F69: 0 | G69: 65535 | H69: 0 | J69: RO | K69: 1 | L69: 2：UPM进行轮询 | M69: 中断级观测量 | N69: 100 | O69: 56 | P69: 0 | Q69: 3 | R69: 0 | S69: 0 | T69: NULL | U69: 1033 | V69: 140 | X69: 100
A70: 中断告警字2 | B70: U16_IntWarnWord2 | C70: U16 | D70: bit0:Boost输出硬件过压警告 bit1:Buck输出硬件过压警告 bit2:保留2 bit3:保留3 bit4:保留4 bit5:保留5 bit6:保留6 bit7:保留7 bit8:保留8 bit9:保留9 bit10:保留10 bit11:保留11 bit12:保留12 bit13:保留13 bit14:保留14 bit15:保留15 | E70: 2 | F70: 0 | G70: 65535 | H70: 0 | J70: RO | K70: 1 | L70: 2：UPM进行轮询 | M70: 中断级观测量 | N70: 100 | O70: 58 | P70: 0 | Q70: 3 | R70: 0 | S70: 0 | T70: NULL | U70: 1034 | V70: 141 | X70: 100
A71: Boost1电感电流 | B71: F32_Boost1InductCurr | C71: S32 | E71: 4 | F71: 0.00 | G71: 65535.00 | H71: -100.00 | I71: A | J71: RO | K71: 0.01 | L71: 1：上传至UPM | M71: 中断级观测量 | N71: 100 | O71: 60 | P71: ※ | Q71: ※ | R71: ※ | S71: ※ | T71: ※ | U71: ※ | V71: 142 | X71: 100
A72: Boost2电感电流 | B72: F32_Boost2InductCurr | C72: S32 | E72: 4 | F72: 0.00 | G72: 65535.00 | H72: -100.00 | I72: A | J72: RO | K72: 0.01 | L72: 1：上传至UPM | M72: 中断级观测量 | N72: 100 | O72: 64 | P72: ※ | Q72: ※ | R72: ※ | S72: ※ | T72: ※ | U72: ※ | V72: 144 | X72: 100
A73: Boost3电感电流 | B73: F32_Boost3InductCurr | C73: S32 | E73: 4 | F73: 0.00 | G73: 65535.00 | H73: -100.00 | I73: A | J73: RO | K73: 0.01 | L73: 1：上传至UPM | M73: 中断级观测量 | N73: 100 | O73: 68 | P73: ※ | Q73: ※ | R73: ※ | S73: ※ | T73: ※ | U73: ※ | V73: 146 | X73: 100
A74: Boost4电感电流 | B74: F32_Boost4InductCurr | C74: S32 | E74: 4 | F74: 0.00 | G74: 65535.00 | H74: -100.00 | I74: A | J74: RO | K74: 0.01 | L74: 1：上传至UPM | M74: 中断级观测量 | N74: 100 | O74: 72 | P74: ※ | Q74: ※ | R74: ※ | S74: ※ | T74: ※ | U74: ※ | V74: 148 | X74: 100
A75: Buck1电感电流 | B75: F32_Buck1InductCurr | C75: S32 | E75: 4 | F75: 0.00 | G75: 65535.00 | H75: -100.00 | I75: A | J75: RO | K75: 0.01 | L75: 1：上传至UPM | M75: 中断级观测量 | N75: 100 | O75: 76 | P75: ※ | Q75: ※ | R75: ※ | S75: ※ | T75: ※ | U75: ※ | V75: 150 | X75: 100
A76: Buck2电感电流 | B76: F32_Buck2InductCurr | C76: S32 | E76: 4 | F76: 0.00 | G76: 65535.00 | H76: -100.00 | I76: A | J76: RO | K76: 0.01 | L76: 1：上传至UPM | M76: 中断级观测量 | N76: 100 | O76: 80 | P76: ※ | Q76: ※ | R76: ※ | S76: ※ | T76: ※ | U76: ※ | V76: 152 | X76: 100
A77: Buck3电感电流 | B77: F32_Buck3InductCurr | C77: S32 | E77: 4 | F77: 0.00 | G77: 65535.00 | H77: -100.00 | I77: A | J77: RO | K77: 0.01 | L77: 1：上传至UPM | M77: 中断级观测量 | N77: 100 | O77: 84 | P77: ※ | Q77: ※ | R77: ※ | S77: ※ | T77: ※ | U77: ※ | V77: 154 | X77: 100
A78: Buck4电感电流 | B78: F32_Buck4InductCurr | C78: S32 | E78: 4 | F78: 0.00 | G78: 65535.00 | H78: -100.00 | I78: A | J78: RO | K78: 0.01 | L78: 1：上传至UPM | M78: 中断级观测量 | N78: 100 | O78: 88 | P78: ※ | Q78: ※ | R78: ※ | S78: ※ | T78: ※ | U78: ※ | V78: 156 | X78: 100
A79: 锁相环积分环节调节量 | B79: F32_PllCtrlIOut | C79: S32 | E79: 4 | F79: 0.00 | G79: 65535.00 | H79: -100.00 | I79: rad/s | J79: RO | K79: 0.01 | L79: 1：上传至UPM | M79: 中断级观测量 | N79: 100 | O79: 92 | P79: ※ | Q79: ※ | R79: ※ | S79: ※ | T79: ※ | U79: ※ | V79: 158 | X79: 100
A80: 锁相环比例环节调节量 | B80: F32_PllCtrlPOut | C80: S32 | E80: 4 | F80: 0.00 | G80: 65535.00 | H80: -100.00 | I80: rad/s | J80: RO | K80: 0.01 | L80: 1：上传至UPM | M80: 中断级观测量 | N80: 100 | O80: 96 | P80: ※ | Q80: ※ | R80: ※ | S80: ※ | T80: ※ | U80: ※ | V80: 160 | X80: 100
A81: 锁相环PI输出 | B81: F32_PllCtrlPIOut | C81: S32 | E81: 4 | F81: 0.00 | G81: 65535.00 | H81: -100.00 | I81: rad/s | J81: RO | K81: 0.01 | L81: 1：上传至UPM | M81: 中断级观测量 | N81: 100 | O81: 100 | P81: ※ | Q81: ※ | R81: ※ | S81: ※ | T81: ※ | U81: ※ | V81: 162 | X81: 100
A82: 电网R相电压锁相角度 | B82: F32_GridPllTheta | C82: S32 | E82: 4 | F82: 0.00 | G82: 65535.00 | H82: -100.00 | I82: ° | J82: RO | K82: 0.01 | L82: 1：上传至UPM | M82: 中断级观测量 | N82: 100 | O82: 104 | P82: ※ | Q82: ※ | R82: ※ | S82: ※ | T82: ※ | U82: ※ | V82: 164 | X82: 100
... A84: 锁相环D轴输出量 | B84: F32_GridPllVolD | C84: S32 | E84: 4 | F84: 0.0000 | G84: 65535.0000 | H84: -65535.0000 | I84: V | J84: RO | K84: 0.0001 | L84: 1：上传至UPM | M84: 中断级观测量 | N84: 100 | O84: 112 | P84: ※ | Q84: ※ | R84: ※ | S84: ※ | T84: ※ | U84: ※ | V84: 168 | X84: 100
A85: Boost状态机工作状态 | B85: U16_BoostWrkMode | C85: U16 | D85: 0: Init 1: off 2: AcRamp 3: AcWork 4: BoostFault 5: BatWork | E85: 2 | F85: 0 | G85: 10 | H85: 0 | J85: RO | K85: 1 | L85: 1：上传至UPM | M85: 中断级观测量 | N85: 100 | O85: 116 | P85: ※ | Q85: ※ | R85: ※ | S85: ※ | T85: ※ | U85: ※ | V85: 170 | X85: 100
A86: Boost状态机输出的Buck工作使能 | B86: U16_BoostCtrlBuckWrkEn | C86: U16 | E86: 2 | F86: 0 | G86: 65535 | H86: 0 | J86: RO | K86: 1 | L86: 1：上传至UPM | M86: 中断级观测量 | N86: 100 | O86: 118 | P86: ※ | Q86: ※ | R86: ※ | S86: ※ | T86: ※ | U86: ※ | V86: 171 | X86: 100
A87: 晶闸管工作使能 | B87: U16_SCREn | C87: U16 | E87: 2 | F87: 0 | G87: 65535 | H87: 0 | J87: RO | K87: 1 | L87: 1：上传至UPM | M87: 中断级观测量 | N87: 100 | O87: 120 | P87: ※ | Q87: ※ | R87: ※ | S87: ※ | T87: ※ | U87: ※ | V87: 172 | X87: 100
A88: 电池IGBT使能 | B88: U16_IGBTEn | C88: U16 | E88: 2 | F88: 0 | G88: 65535 | H88: 0 | J88: RO | K88: 1 | L88: 1：上传至UPM | M88: 中断级观测量 | N88: 100 | O88: 122 | P88: ※ | Q88: ※ | R88: ※ | S88: ※ | T88: ※ | U88: ※ | V88: 173 | X88: 100
A89: Boost缓启参考电压指令值输入 | B89: F32_BoostRampComBuckVolCmd | C89: S32 | E89: 4 | F89: 0.00 | G89: 65535.00 | H89: -100.00 | I89: V | J89: RO | K89: 0.01 | L89: 1：上传至UPM | M89: 中断级观测量 | N89: 100 | O89: 124 | P89: ※ | Q89: ※ | R89: ※ | S89: ※ | T89: ※ | U89: ※ | V89: 174 | X89: 100
A90: Boost实际执行的参考电压 | B90: F32_BoostVolRefAct | C90: S32 | E90: 4 | F90: 0.00 | G90: 65535.00 | H90: -100.00 | I90: V | J90: RO | K90: 0.01 | L90: 1：上传至UPM | M90: 中断级观测量 | N90: 100 | O90: 128 | P90: ※ | Q90: ※ | R90: ※ | S90: ※ | T90: ※ | U90: ※ | V90: 176 | X90: 100
A91: Boost缓启完成标志标志位 | B91: U16_BoostRampFinshFlag | C91: U16 | E91: 2 | F91: 0 | G91: 65535 | H91: 0 | J91: RO | K91: 1 | L91: 1：上传至UPM | M91: 中断级观测量 | N91: 100 | O91: 132 | P91: ※ | Q91: ※ | R91: ※ | S91: ※ | T91: ※ | U91: ※ | V91: 178 | X91: 100
A92: Boost电压环积分环节调节量 | B92: F32_BoostCtrlIOut | C92: S32 | E92: 4 | F92: 0.00 | G92: 65535.00 | H92: -65535.00 | I92: A | J92: RO | K92: 0.01 | L92: 1：上传至UPM | M92: 中断级观测量 | N92: 100 | O92: 134 | P92: ※ | Q92: ※ | R92: ※ | S92: ※ | T92: ※ | U92: ※ | V92: 179 | X92: 100
A93: Boost电压环比例环节调节量 | B93: F32_BoostCtrlPOut | C93: S32 | E93: 4 | F93: 0.00 | G93: 65535.00 | H93: -65535.00 | I93: A | J93: RO | K93: 0.01 | L93: 1：上传至UPM | M93: 中断级观测量 | N93: 100 | O93: 138 | P93: ※ | Q93: ※ | R93: ※ | S93: ※ | T93: ※ | U93: ※ | V93: 181 | X93: 100
A94: Boost电压环电流前馈量 | B94: F32_BoostCtrlCurrForwardOut | C94: S32 | E94: 4 | F94: 0.00 | G94: 65535.00 | H94: -65535.00 | I94: A | J94: RO | K94: 0.01 | L94: 1：上传至UPM | M94: 中断级观测量 | N94: 100 | O94: 142 | P94: ※ | Q94: ※ | R94: ※ | S94: ※ | T94: ※ | U94: ※ | V94: 183 | X94: 100
A95: Boost电压环输出 | B95: F32_BoostCtrlOutput | C95: S32 | E95: 4 | F95: 0.00 | G95: 65535.00 | H95: -65535.00 | I95: A | J95: RO | K95: 0.01 | L95: 1：上传至UPM | M95: 中断级观测量 | N95: 100 | O95: 146 | P95: ※ | Q95: ※ | R95: ※ | S95: ※ | T95: ※ | U95: ※ | V95: 185 | X95: 100
A96: Buck状态机工作状态 | B96: U16_BuckWrkMode | C96: U16 | D96: 0: Init 1: off 2: BuckRamp 3: BuckWork 4: BuckFault | E96: 2 | F96: 0 | G96: 65535 | H96: 0 | J96: RO | K96: 1 | L96: 1：上传至UPM | M96: 中断级观测量 | N96: 100 | O96: 150 | P96: ※ | Q96: ※ | R96: ※ | S96: ※ | T96: ※ | U96: ※ | V96: 187 | X96: 100
A97: Buck环启参考电压指令值输入 | B97: F32_BuckRampComBuckVolCmd | C97: S32 | E97: 4 | F97: 0.00 | G97: 65535.00 | H97: -65535.00 | I97: V | J97: RO | K97: 0.01 | L97: 1：上传至UPM | M97: 中断级观测量 | N97: 100 | O97: 152 | P97: ※ | Q97: ※ | R97: ※ | S97: ※ | T97: ※ | U97: ※ | V97: 188 | X97: 100
A98: Buck实际执行的参考电压 | B98: F32_BuckVolRefAct | C98: S32 | E98: 4 | F98: 0.00 | G98: 65535.00 | H98: -65535.00 | I98: V | J98: RO | K98: 0.01 | L98: 1：上传至UPM | M98: 中断级观测量 | N98: 100 | O98: 156 | P98: ※ | Q98: ※ | R98: ※ | S98: ※ | T98: ※ | U98: ※ | V98: 190 | X98: 100
A99: Buck缓启完成标志标志位 | B99: U16_BuckRampFinshFlag | C99: U16 | E99: 2 | F99: 0 | G99: 65535 | H99: 0 | J99: RO | K99: 1 | L99: 1：上传至UPM | M99: 中断级观测量 | N99: 100 | O99: 160 | P99: ※ | Q99: ※ | R99: ※ | S99: ※ | T99: ※ | U99: ※ | V99: 192 | X99: 100
A100: Buck参考电压下垂量 | B100: F32_BuckVolRefDroopOut | C100: S32 | E100: 4 | F100: 0.00 | G100: 65535.00 | H100: -65535.00 | I100: V | J100: RO | K100: 0.01 | L100: 1：上传至UPM | M100: 中断级观测量 | N100: 100 | O100: 162 | P100: ※ | Q100: ※ | R100: ※ | S100: ※ | T100: ※ | U100: ※ | V100: 193 | X100: 100
A101: Buck均流PI调节量 | B101: F32_BuckAverCurrPIOut | C101: S32 | E101: 4 | F101: 0.00 | G101: 65535.00 | H101: -65535.00 | I101: V | J101: RO | K101: 0.01 | L101: 1：上传至UPM | M101: 中断级观测量 | N101: 100 | O101: 166 | P101: ※ | Q101: ※ | R101: ※ | S101: ※ | T101: ※ | U101: ※ | V101: 195 | X101: 100
...

Sheet UPM-DSP手动配置数据
A1: 数据定义 | B1: ENMU | C1: arm 配置参数 | D1: UPP 轮询间隔 | E1: 设置 优先级 | F1: 轮询 优先级 | G1: 回调函数 | H1: signID | I1: modbus 地址 | J1: 备注 | K1: =COUNTA(A2:A442) -> 42
A2: 固件版本号版本 | B2: ParamProductType | C2: 0 | D2: 205 | E2: 0 | F2: 0 | G2: NULL | H2: 2582
A3: 机器型号 | B3: ParamProductCode | C3: 0 | D3: 205 | E3: 0 | F3: 0 | G3: NULL | H3: 2516
A4: 机器版本号 | B4: ParamClientCode | C4: 0 | D4: 205 | E4: 0 | F4: 0 | G4: NULL | H4: 2524
A5: 序列号 | B5: ParamVehicleType | C5: 0 | D5: 205 | E5: 0 | F5: 0 | G5: NULL | H5: 14
A6: 机器型号编码 | B6: ParamType | C6: 0 | D6: 205 | E6: 0 | F6: 0 | G6: NULL | H6: 2515
A7: 设备类型编码 | B7: ParamMatrilCode | C7: 0 | D7: 205 | E7: 0 | F7: 0 | G7: NULL | H7: 1481
A8: DCDC任务级故障字1 | B8: DcdcTskFwFltFlg1 | C8: 0 | D8: 3 | E8: 0 | F8: 0 | G8: NULL | H8: 1007
A9: DCDC任务级故障字2 | B9: DcdcTskFwFltFlg2 | C9: 0 | D9: 3 | E9: 0 | F9: 0 | G9: NULL | H9: 1008
A10: DCDC任务级故障字3 | B10: DcdcTskFwFltFlg3 | C10: 0 | D10: 3 | E10: 0 | F10: 0 | G10: NULL | H10: 1009
A11: DCDC任务级故障字4 | B11: DcdcTskFwFltFlg4 | C11: 0 | D11: 3 | E11: 0 | F11: 0 | G11: NULL | H11: 1010
A12: DCDC任务级告警字1 | B12: DcdcTskWarnFltFlg1 | C12: 0 | D12: 3 | E12: 0 | F12: 0 | G12: NULL | H12: 1011
A13: DCDC任务级告警字2 | B13: DcdcTskWarnFltFlg2 | C13: 0 | D13: 3 | E13: 0 | F13: 0 | G13: NULL | H13: 1012
... A42: 风扇3转速 | B42: U16_FanSpeed3 | C42: 0 | D42: 3 | E42: 0 | F42: 0 | G42: NULL | H42: 1041
A43: 主控板平均电压 | B43: ARM_AverageVol

Sheet UPM板内Modbus地址分配
A1: 地址段功能 | B1: 地址段起点 | C1: 地址段终点
A2: IAPV3升级 | B2: 20050 | C2: 20104
A3: 自动搜索 | B3: 4800 | C3: 4899
A4: 故障录波 | B4: 15999 | C4: 17499
A5: 日志系统 | B5: 31999 | C5: 32100
A6: 故障录波系统 | B6: 30050 | C6: 30100
A7: arm监控板读取参数 | B7: 31000 | C7: 31900
A8: arm监控板设置参数 | B8: 41000 | C8: 41999
A9: 模块1 | B9: 50000 | C9: 50999
A10: 模块2 | B10: 51000 | C10: 51999
A11: 模块3 | B11: 52000 | C11: 52999
A12: 模块4 | B12: 53000 | C12: 53999
A13: 模块5 | B13: 54000 | C13: 54999
... A16: 模块8 | B16: 57000 | C16: 57999

Sheet 平台公共测点映射表
A1: 平台测点枚举 | B1: 平台测点值
A2: COMM_SIGID_TR_ADDR | B2: 1
A3: COMM_SIGID_VER_PUBLISH | B3: 6
A4: COMM_SIGID_VER_BUILD | B4: 7
A5: COMM_SIGID_VER_HOTFIX | B5: 8
A6: COMM_SIGID_VER_TAG | B6: 12
A7: COMM_SIGID_DEV_SN | B7: 14
A8: SIGID_UART_PORT1_WORKMODE | B8: 101
A9: SIGID_UART_PORT1_BAUD | B9: 102
A10: SIGID_UART_PORT1_PARITY | B10: 103
A11: SIGID_UART_PORT1_STOP_BITS | B11: 104
A12: SIGID_UART_PORT2_WORKMODE | B12: 105
A13: SIGID_UART_PORT2_BAUD | B13: 106
... A106: SIGID_DSP_DEV_SN_16 | B106: 345

Sheet CSU-UPM采集数据（暂时不用）
A1: 数据来源 | B1: 数据定义 | C1: ENMU | D1: 数据类型 | E1: 离散值逻辑 | F1: 数据 长度 | G1: 默认值 | H1: 数据上限 | I1: 数据下限 | J1: 单位 | K1: 读写 权限 | L1: 精度 | M1: 数据上传 等级 | N1: UPP模型 名称 | O1: UPP地址 | P1: UPP偏移 | Q1: arm 配置参数 | R1: UPP 轮询间隔 | S1: 设置 优先级 | T1: 轮询 优先级 | U1: 回调函数 | V1: signID | W1: modbus 地址 | X1: 备注
A2: UPM | B2: 模块负载电压 | C2: UPM_SIG_LOAD_VOL | D2: U16 | F2: 2 | J2: V | K2: RO | L2: 0.1 | M2: 3：CSU进行轮询 | N2: UPM上报信息 | O2: 131 | P2: 6 | Q2: 0 | R2: 1 | S2: 0 | T2: 0 | U2: NULL | V2: 2001
A3: UPM | B3: 模块负载电流 | C3: UPM_SIG_LOAD_CUR | D3: U16 | F3: 2 | J3: A | K3: RO | L3: 0.1 | M3: 3：CSU进行轮询 | N3: UPM上报信息 | O3: 131 | P3: 8 | Q3: 0 | R3: 1 | S3: 0 | T3: 0 | U3: NULL | V3: 2002
A4: UPM | B4: 电池电压 | C4: UPM_SIG_BAT_VOL | D4: U16 | F4: 2 | J4: V | K4: RO | L4: 0.1 | M4: 3：CSU进行轮询 | N4: UPM上报信息 | O4: 131 | P4: 10 | Q4: 0 | R4: 1 | S4: 0 | T4: 0 | U4: NULL | V4: 2003
A5: UPM | B5: 电池电流 | C5: UPM_SIG_BAT_CUR | D5: U16 | F5: 2 | J5: A | K5: RO | L5: 0.1 | M5: 3：CSU进行轮询 | N5: UPM上报信息 | O5: 131 | P5: 12 | Q5: 0 | R5: 1 | S5: 0 | T5: 0 | U5: NULL | V5: 2004
A6: UPM | B6: 模块交流线电压Uab | C6: UPM_SIG_UAB_VOL | D6: U16 | F6: 2 | J6: V | K6: RO | L6: 0.1 | M6: 3：CSU进行轮询 | N6: UPM上报信息 | O6: 131 | P6: 14 | Q6: 0 | R6: 1 | S6: 0 | T6: 0 | U6: NULL | V6: 2005
A7: UPM | B7: 模块交流线电压Ubc | C7: UPM_SIG_UBC_VOL | D7: U16 | F7: 2 | J7: V | K7: RO | L7: 0.1 | M7: 3：CSU进行轮询 | N7: UPM上报信息 | O7: 131 | P7: 16 | Q7: 0 | R7: 1 | S7: 0 | T7: 0 | U7: NULL | V7: 2006
A8: UPM | B8: 模块交流线电压Uca | C8: UPM_SIG_UCA_VOL | D8: U16 | F8: 2 | J8: V | K8: RO | L8: 0.1 | M8: 3：CSU进行轮询 | N8: UPM上报信息 | O8: 131 | P8: 18 | Q8: 0 | R8: 1 | S8: 0 | T8: 0 | U8: NULL | V8: 2007
A9: UPM | B9: 交流频率 | C9: UPM_SIG_AC_FREQ | D9: U16 | F9: 2 | J9: Hz | K9: RO | L9: 0.1 | M9: 3：CSU进行轮询 | N9: UPM上报信息 | O9: 131 | P9: 20 | Q9: 0 | R9: 1 | S9: 0 | T9: 0 | U9: NULL | V9: 2008
A10: UPM | B10: 模块温度 | C10: UPM_SIG_TEMP | D10: U16 | F10: 2 | J10: ℃ | K10: RO | L10: 0.1 | M10: 3：CSU进行轮询 | N10: UPM上报信息 | O10: 131 | P10: 22 | Q10: 0 | R10: 1 | S10: 0 | T10: 0 | U10: NULL | V10: 2009
A11: UPM | B11: 子板供电方式 | C11: UPM_SIG_POWER_MODE_STATE | D11: U16 | E11: bit0 - cell1 0-AC 1-DC bit1 - cell2 0-AC 1-DC bit2 - cell3 0-AC 1-DC bit3 - cell4 0-AC 1-DC bit4 - cell50-AC 1-DC bit5 - cell6 0-AC 1-DC bit6 - cell7 0-AC 1-DC bit7 - cell8 0-AC 1-DC | F11: 2 | K11: RO | M11: 3：CSU进行轮询 | N11: UPM状态信息 | O11: 132 | P11: 6 | Q11: 0 | R11: 1 | S11: 0 | T11: 0 | U11: NULL | V11: 2501
A12: UPM | B12: 子板开关机状态 | C12: UPM_SIG_POWER_ OFF_STATE | D12: U16 | E12: bit0- cell1 0-关机 1-开机 bit1 - cell2 0-关机 1-开机 bit2- cell3 0-关机 1-开机 bit3 - cell4 0-关机 1-开机 bit4- cell5 0-关机 1-开机 bit5 - cell6 0-关机 1-开机 bit6- cell7 0-关机 1-开机 bit7 - cell8 0-关机 1-开机 | F12: 2 | K12: RO | M12: 3：CSU进行轮询 | N12: UPM状态信息 | O12: 132 | P12: 8 | Q12: 0 | R12: 1 | S12: 0 | T12: 0 | U12: NULL | V12: 2502
A13: UPM | B13: 子板休眠状态 | C13: UPM_SIG_SLEEP_STATE | D13: U16 | E13: bit0- cell1 0-工作 bit1 - cell2 0-工作 1-休眠 bit2- cell3 0-工作 1-休眠 bit3 - cell4 0-工作 1-休眠 bit4- cell5 0-工作 1-休眠 bit5 - cell6 0-工作 1-休眠 bit6- cell7 0-工作 1-休眠 bit7 - cell8 0-工作 1-休眠 | F13: 2 | K13: RO | M13: 3：CSU进行轮询 | N13: UPM状态信息 | O13: 132 | P13: 10 | Q13: 0 | R13: 1 | S13: 0 | T13: 0 | U13: NULL | V13: 2503
A14: UPM | B14: 模块故障1模块故障1 | C14: UPM_SIG_FAULT_STATE1 | D14: U32 | E14: bit0 - 模块故障 bit1 -模块均流故障 bit2 -模块风扇故障 bit3 -模块过温 bit4-限流限功率 | F14: 4 | K14: RO | M14: 3：CSU进行轮询 | N14: UPM状态信息 | O14: 132 | P14: 12 | Q14: 0 | R14: 1 | S14: 0 | T14: 0 | U14: NULL | V14: 2504 | X14: 或关系
A15: UPM | B15: 模块交流故障 | C15: UPM_SIG_AC_FAULT_STATE | D15: U16 | E15: bit0 -模块交流线电压Uab高 bit1 -模块交流线电压Ubc高 bit2 -模块交流线电压Uca高 bit3 -模块交流线电压Uab低 bit4 -模块交流线电压Ubc低 bit5 -模块交流线电压Uca低 bit6 -模块交流中断 bit7 -模块交流频率高 bit8 -模块交流频率低 | F15: 2 | K15: RO | M15: 3：CSU进行轮询 | N15: UPM状态信息 | O15: 132 | P15: 16 | Q15: 0 | R15: 1 | S15: 0 | T15: 0 | U15: NULL | V15: 2505 | X15: 交流信息由UPM判断故障和非故障
A16: UPM | B16: 子板故障状态 | E16: bit0- cell1 0-正常 1-故障 bit1 - cell2 0-正常 1-故障 bit2- cell3 0-正常 1-故障 bit3 - cell4 0-正常 1-故障 bit4- cell5 0-正常 1-故障 bit5 - cell6 0-正常 1-故障 bit6- cell7 0-正常 1-故障 bit7 - cell8 0-正常 1-故障 | F16: 2 | K16: RO | M16: 3：CSU进行轮询 | N16: UPM状态信息 | O16: 132 | P16: 18 | Q16: 0 | R16: 1 | S16: 0 | T16: 0 | U16: NULL | V16: 2506
A17: UPM | B17: 负载输出电压设置 | C17: UPM_SIG_LOAD_VOL_SET | D17: U16 | F17: 2 | G17: 270 | J17: V | K17: RW | L17: 0.1 | M17: 3：CSU进行轮询 | N17: UPM设置参数 | O17: 133 | P17: 6 | Q17: 0 | R17: 30 | S17: 0 | T17: 0 | U17: NULL | V17: 3001
A18: UPM | B18: 负载输出限流值 | C18: UPM_SIG_LOAD_CUR_SET | D18: U16 | F18: 2 | G18: 100 | J18: A | K18: RW | L18: 0.1 | M18: 3：CSU进行轮询 | N18: UPM设置参数 | O18: 133 | P18: 8 | Q18: 0 | R18: 30 | S18: 0 | T18: 0 | U18: NULL | V18: 3002
A19: UPM | B19: 负载输出电压缺省值 | C19: UPM_SIG_LOAD_DEFAULT_VOL | D19: U16 | F19: 2 | G19: 270 | J19: V | K19: RW | L19: 0.1 | M19: 3：CSU进行轮询 | N19: UPM设置参数 | O19: 133 | P19: 10 | Q19: 0 | R19: 30 | S19: 0 | T19: 0 | U19: NULL | V19: 3003
A20: UPM | B20: 电池电压设置 | C20: UPM_SIG_BAT_VOL_SET | D20: U16 | F20: 2 | G20: 270 | J20: V | K20: RW | L20: 0.1 | M20: 3：CSU进行轮询 | N20: UPM设置参数 | O20: 133 | P20: 12 | Q20: 0 | R20: 30 | S20: 0 | T20: 0 | U20: NULL | V20: 3004 | X20: 不做广播
A21: UPM | B21: 电池限流设置 | C21: UPM_SIG_BAT_CUR_SET | D21: U16 | F21: 2 | G21: 10 | J21: A | K21: RW | L21: 0.1 | M21: 3：CSU进行轮询 | N21: UPM设置参数 | O21: 133 | P21: 14 | Q21: 0 | R21: 30 | S21: 0 | T21: 0 | U21: NULL | V21: 3005 | X21: 不做广播
A22: UPM | B22: 电池输出点电压缺省值 | C22: UPM_SIG_BAT_DEFAULT_VOL | D22: U16 | F22: 2 | G22: 270 | J22: V | K22: RW | L22: 0.1 | M22: 3：CSU进行轮询 | N22: UPM设置参数 | O22: 133 | P22: 16 | Q22: 0 | R22: 30 | S22: 0 | T22: 0 | U22: NULL | V22: 3006
A23: UPM | B23: 模块交流过压值 | C23: UPM_SIG_AC_OVER_VOL | D23: U16 | F23: 2 | G23: 420 | J23: V | K23: RW | L23: 0.1 | M23: 3：CSU进行轮询 | N23: UPM设置参数 | O23: 133 | P23: 18 | Q23: 0 | R23: 30 | S23: 0 | T23: 0 | U23: NULL | V23: 3007
A24: UPM | B24: 模块交流欠压值 | C24: UPM_SIG_AC_UNDER_VOL | D24: U16 | F24: 2 | G24: 370 | J24: V | K24: RW | L24: 0.1 | M24: 3：CSU进行轮询 | N24: UPM设置参数 | O24: 133 | P24: 20 | Q24: 0 | R24: 30 | S24: 0 | T24: 0 | U24: NULL | V24: 3008
A25: UPM | B25: 模块交流失压值 | C25: UPM_SIG_AC_NONE_VOL | D25: U16 | F25: 2 | G25: 170 | J25: V | K25: RW | L25: 0.1 | M25: 3：CSU进行轮询 | N25: UPM设置参数 | O25: 133 | P25: 22 | Q25: 0 | R25: 30 | S25: 0 | T25: 0 | U25: NULL | V25: 3009
A26: UPM | B26: 模块交流频率高门限值 | C26: UPM_SIG_AC_OVER_FREQ | D26: U16 | F26: 2 | G26: 70 | J26: Hz | K26: RW | L26: 0.1 | M26: 3：CSU进行轮询 | N26: UPM设置参数 | O26: 133 | P26: 24 | Q26: 0 | R26: 30 | S26: 0 | T26: 0 | U26: NULL | V26: 3010
A27: UPM | B27: 模块交流频率低门限值 | C27: UPM_SIG_AC_UNDER_FREQ | D27: U16 | F27: 2 | G27: 40 | J27: Hz | K27: RW | L27: 0.1 | M27: 3：CSU进行轮询 | N27: UPM设置参数 | O27: 133 | P27: 26 | Q27: 0 | R27: 30 | S27: 0 | T27: 0 | U27: NULL | V27: 3011
A28: UPM | B28: 开关机动作 | C28: UPM_SIG_POWER_OFF_CTRL | D28: U16 | E28: bit0 -cell1 0-开机 1-关机 bit1 -cell2 0-开机 1-关机 bit2 -cell3 0-开机 1-关机 bit3 -cell4 0-开机 1-关机 bit4 -cell5 0-开机 1-关机 bit5 -cell6 0-开机 1-关机 bit6 -cell7 0-开机 1-关机 bit7 -cell8 0-开机 1-关机 | F28: 2 | M28: 3：CSU进行轮询 | N28: UPM动作参数 | O28: 134 | P28: 6 | Q28: 0 | R28: 0 | S28: 0 | T28: 0 | U28: NULL | V28: 3501
A29: UPM | B29: 休眠动作 | C29: UPM_SIG_SLEEP_CTRL | D29: U16 | E29: bit0 -cell1 默认不允许参加休眠 bit1 -cell2 0-正常 1-休眠 bit2 -cell3 0-正常 1-休眠 bit3 -cell4 0-正常 1-休眠 bit4 -cell5 0-正常 1-休眠 bit5 -cell6 0-正常 1-休眠 bit6 -cell7 0-正常 1-休眠 bit7 -cell8 0-正常 1-休眠 | F29: 2 | M29: 3：CSU进行轮询 | N29: UPM动作参数 | O29: 134 | P29: 8 | Q29: 0 | R29: 0 | S29: 0 | T29: 0 | U29: NULL | V29: 3502
A30: UPM | B30: 子板供电动作 | C30: UPM_SIG_POWER_MODE_CTRL | D30: U16 | E30: bit0 - cell1 0-AC 1-DC bit1 - cell2 0-AC 1-DC bit2 - cell3 0-AC 1-DC bit3 - cell4 0-AC 1-DC bit4 - cell50-AC 1-DC bit5 - cell6 0-AC 1-DC bit6 - cell7 0-AC 1-DC bit7 - cell8 0-AC 1-DC | F30: 2 | M30: 3：CSU进行轮询 | N30: UPM动作参数 | O30: 134 | P30: 10 | Q30: 0 | R30: 0 | S30: 0 | T30: 0 | U30: NULL | V30: 3503
A31: CSU | B31: 模块交流空开状态 | C31: UPM_SIG_AC_SWITCH_STATE | D31: U16 | E31: 1=闭合;2=断开;3=跳闸 | F31: 2 | N31: CSU本地处理 | V31: 2010
A32: CSU | B32: 模块交流空开断开 | C32: UPM_SIG_AC_SWITCH_OFF | D32: U16 | E32: 1=告警;0=正常 | F32: 2 | N32: CSU本地处理 | V32: 2011
A33: CSU | B33: 模块状态 | C33: UPM_SIG_STATE | D33: U16 | E33: 0：正常 1：限流 2：限功率 3：关机 4：故障 5：通讯中断 6：未安装 7：休眠 8：过温 9：风扇故障 10：电池不在位 | F33: 2 | N33: CSU本地处理 | V33: 2012
A34: CSU | B34: 模块运行状态 | C34: UPM_SIG_RUN_STATE | D34: U16 | E34: bit0 - 模块故障 0 -告警1-正常 bit1 -开关机状态 0 -关机1-开机 bit2-模块通信故障 0-告警 1-正常 | F34: 2 | N34: CSU本地处理 | V34: 2013
A35: CSU | B35: 模块输出正极熔断器状态 | D35: U16 | E35: 1=告警;0=正常 | N35: CSU本地处理 | V35: 2014
A36: CSU | B36: 模块输出负极熔断器状态 | D36: U16 | E36: 1=告警;0=正常 | N36: CSU本地处理 | V36: 2015
A37: CSU | B37: 模块电池正极熔断器状态 | D37: U16 | E37: 1=告警;0=正常 | N37: CSU本地处理 | V37: 2016

Sheet iconfig使用
A1: 北向一级 分类 | B1: 北向二级 分类 | C1: 北向三级 分类 | D1: 定义 | E1: 离散值 逻辑 | F1: 默认值 | G1: 数据 上限 | H1: 数据 下限 | I1: 单位 | J1: 精度 | K1: 数据 类型 | L1: 读/写 | M1: 寄存器 类型 | N1: 寄存器 地址 | O1: 寄存器 长度 | P1: sigID
A2: {=VSTACK(_xlfn.FILTER('UPM单板测点'!$A$2:$A$4944,'UPM单板测点'!$O$2:$O$4944<>""),REPT("监控系统",SEQUENCE(COUNTA('UPM-DSP采集数据'!$A$2:$A$4732)*8,1,1,0)))} -> 监控系统 | B2: {=VSTACK(TOCOL("系统"&REPT("",SEQUENCE(1,'UPM单板测点'!$V$1))),TOCOL("模块"&SEQUENCE(1,8)&REPT("",SEQUENCE(ROWS(_xlfn.FILTER('UPM-DSP采集数据'!$A$2:$A$4732,'UPM-DSP采集数据'!$A$2:$A$4732<>"")),1))))} -> 系统 | C2: {=VSTACK(_xlfn.FILTER('UPM单板测点'!N$2:N$4944,'UPM单板测点'!O$2:O$4944<>""),TOCOL(_xlfn.FILTER('UPM-DSP采集数据'!M$2:M$4732,'UPM-DSP采集数据'!A$2:A$4732<>"")&REPT("",SEQUENCE(1,8))))} -> 通讯参数 | D2: {=VSTACK(IF(CHOOSECOLS(_xlfn.FILTER('UPM单板测点'!$A$2:$U$4944,'UPM单板测点'!$O$2:$O$4944<>""),2,3,4,5,6,7,8,9,10)="","",CHOOSECOLS(_xlfn.FILTER('UPM单板测点'!$A$2:$U$4944,'UPM单板测点'!$O$2:$O$4944<>""),2,3,4,5,6,7,8,9,10)),IF(INDEX(CHOOSECOLS(_xlfn.FILTER('UPM-DSP采集数据'!$A$2:$W$4896,'UPM-DSP采集数据'!$A$2:$A$4896<>""),1,4,6,7,8,9,11,3,10),ROUNDUP(SEQUENCE(ROWS(_xlfn.FILTER('UPM-DSP采集数据'!$A$2:$A$4896,'UPM-DSP采集数据'!$A$2:$A$4896<>""))*8)/8,0),SEQUENCE(1,9))="","",INDEX(CHOOSECOLS(_xlfn.FILTER('UPM-DSP采集数据'!$A$2:$W$4896,'UPM-DSP采集数据'!$A$2:$A$4896<>""),1,4,6,7,8,9,11,3,10),ROUNDUP(SEQUENCE(ROWS(_xlfn.FILTER('UPM-DSP采集数据'!$A$2:$A$4896,'UPM-DSP采集数据'!$A$2:$A$4896<>""))*8)/8,0),SEQUENCE(1,9))))} -> 设备转发地址 | F2: 0 | G2: 247 | H2: 0 | J2: 1 | K2: U16 | L2: RW | M2: {=_xlfn.FILTER(SUBSTITUTE(SUBSTITUTE(SUBSTITUTE($L$2:$L$3590,"RO","3x"),"RW","4x"),"WO","4x"),$L$2:$L$3590<>"")} -> 4x | N2: =VSTACK(_xlfn.FILTER('UPM单板测点'!$O$2:$O$4944,'UPM单板测点'!$O$2:$O$4944<>""),_xlfn.FILTER(_xlfn.XLOOKUP($D$2:$D$3590,'UPM-DSP采集数据'!$A$2:$A$4896,'UPM-DSP采集数据'!$V$2:$V$4896,0)+_xlfn.XLOOKUP($B$2:$B$3590,'UPM板内Modbus地址分配'!$A$2:$A$5000,'UPM板内Modbus地址分配'!$B$2:$B$5000,0),_xlfn.XLOOKUP($D$2:$D$3590,'UPM-DSP采集数据'!$A$2:$A$4896,'UPM-DSP采集数据'!$A$2:$A$4896,"")<>"")) | O2: {=VSTACK(_xlfn.FILTER('UPM单板测点'!K$2:K$4944,'UPM单板测点'!O$2:O$4944<>"")/2,--TOCOL((_xlfn.FILTER('UPM-DSP采集数据'!$E$2:$E$4732,'UPM-DSP采集数据'!$A$2:$A$4732<>"")/2)&REPT("",SEQUENCE(1,8))))} -> 1 | P2: {=VSTACK(_xlfn.FILTER('UPM单板测点'!Q$2:Q$4944,'UPM单板测点'!O$2:O$4944<>""),TOCOL(_xlfn.FILTER(LEFT('UPM-DSP采集数据'!$A$2:$A$4896,0)&REPT("",SEQUENCE(1,8)),'UPM-DSP采集数据'!$A$2:$A$4896<>""),0))} -> LOCAL_SIG_TR_ADDR
A3: 监控系统 | B3: 系统 | C3: 平台信息 | D3: 平台软件发布版本 | J3: 1 | K3: U16 | L3: RO | M3: 3x | O3: 1 | P3: LOCAL_SIG_VER_PUBLISH
A4: 监控系统 | B4: 系统 | C4: 平台信息 | D4: 平台软件构建版本 | J4: 1 | K4: U16 | L4: RO | M4: 3x | O4: 1 | P4: LOCAL_SIG_VER_BUILD
A5: 监控系统 | B5: 系统 | C5: 平台信息 | D5: 平台软件补丁版本 | J5: 1 | K5: U16 | L5: RO | M5: 3x | O5: 1 | P5: LOCAL_SIG_VER_HOTFIX
A6: 监控系统 | B6: 系统 | C6: 平台信息 | D6: 设备序列号 | J6: 1 | K6: STRING | L6: RW | M6: 4x | O6: 10 | P6: LOCAL_SIG_DEV_SN
A7: 监控系统 | B7: 系统 | C7: 设备信息 | D7: dsp的数量规格,修改该测点需要保证所有设备已经关机 | J7: 1 | K7: U16 | L7: RW | M7: 4x | O7: 1 | P7: LOCAL_SIG_DSP_DEV_NUM
A8: 监控系统 | B8: 系统 | C8: 设备信息 | D8: 查询DSP在线状态 | J8: 1 | K8: U16 | L8: RO | M8: 3x | O8: 1 | P8: LOCAL_SIG_DSP_ON_LINE_NUM
A9: 监控系统 | B9: 系统 | C9: 设备信息 | D9: 查询DSP在线状态 | J9: 1 | K9: U16 | L9: RO | M9: 3x | O9: 1 | P9: LOCAL_SIG_DSP_ON_LINE_NUM
A10: 监控系统 | B10: 系统 | C10: 设备信息 | D10: 查询DSP在线状态 | J10: 1 | K10: U16 | L10: RO | M10: 3x | O10: 1 | P10: LOCAL_SIG_DSP_ON_LINE_NUM
A11: 监控系统 | B11: 系统 | C11: 系统设置 | D11: NTP服务器 | J11: 1 | K11: STRING | L11: RW | M11: 4x | O11: 32 | P11: LOCAL_SIG_NTP_SERVER
A12: 监控系统 | B12: 系统 | C12: 系统设置 | D12: NTP对时时间间隔 单位:秒 | J12: 1 | K12: U32 | L12: RW | M12: 4x | O12: 2 | P12: LOCAL_SIG_NTP_TIME_INTERVAL
A13: 监控系统 | B13: 系统 | C13: 系统设置 | D13: NTP对时成功时间 | J13: 1 | K13: STRING | L13: RW | M13: 4x | O13: 16 | P13: LOCAL_SIG_NTP_SYNC_TIME
A14: 监控系统 | B14: 系统 | C14: 设备信息 | D14: 未绑定的DSP数量 | J14: 1 | K14: U16 | L14: RO | M14: 3x | O14: 1 | P14: LOCAL_SIG_NOT_BOUND_DSP_NUM
A15: 监控系统 | B15: 系统 | C15: 设备信息 | D15: 设备类型编码（北向机器型号编码） | F15: E_DEVTYPE_SGAIDC | J15: 1 | K15: U16 | L15: RO | M15: 3x | O15: 1 | P15: LOCAL_SIG_1481
A16: 故障录波系统 | B16: 系统 | C16: 故障录波系统 | D16: 北向 录波数据总条数30078 3x | J16: 1 | K16: U16 | L16: RO | M16: 3x | O16: 1 | P16: LOCAL_SIG_1621
A17: 故障录波系统 | B17: 系统 | C17: 故障录波系统 | D17: 北向 录波数据读取进度30079 3x | J17: 1 | K17: U16 | L17: RO | M17: 3x | O17: 1 | P17: LOCAL_SIG_1622
A18: 故障录波系统 | B18: 系统 | C18: 故障录波系统 | D18: 北向 整机属性协议号2500 3x | J18: 1 | K18: STRING | L18: RO | M18: 3x | O18: 2 | P18: LOCAL_SIG_2500
A19: 故障录波系统 | B19: 系统 | C19: 故障录波系统 | D19: 北向 整机属性协议版本2502 3x | J19: 1 | K19: U16 | L19: RO | M19: 3x | O19: 2 | P19: LOCAL_SIG_2502
A20: 故障录波系统 | B20: 系统 | C20: 故障录波系统 | D20: 北向 协议地址长度2504 3x | J20: 1 | K20: U16 | L20: RO | M20: 3x | O20: 1 | P20: LOCAL_SIG_2504
A21: 故障录波系统 | B21: 系统 | C21: 故障录波系统 | D21: 南向 机器型号30360 4x 北向 机器型号2516 3x | J21: 1 | K21: STRING | L21: RO | M21: 3x | O21: 8 | P21: LOCAL_SIG_2516
A22: 故障录波系统 | B22: 系统 | C22: 故障录波系统 | D22: 北向 故障录波协议号2569 3x | J22: 1 | K22: U32 | L22: RO | M22: 3x | O22: 2 | P22: LOCAL_SIG_2569
A23: 故障录波系统 | B23: 系统 | C23: 故障录波系统 | D23: 北向 故障录波协议版本2571 3x | J23: 1 | K23: U32 | L23: RO | M23: 3x | O23: 2 | P23: LOCAL_SIG_2571
A24: 监控系统 | B24: 系统 | C24: 设备信息 | D24: 北向 上传固件版本数量2581 3x | J24: 1 | K24: U16 | L24: RO | M24: 3x | O24: 1 | P24: LOCAL_SIG_2581
A25: 监控系统 | B25: 系统 | C25: 设备信息 | D25: 北向 固件版本号1 2582 3x | J25: 1 | K25: STRING | L25: RO | M25: 3x | O25: 15 | P25: LOCAL_SIG_VERSION
A26: 监控系统 | B26: 系统 | C26: 设备信息 | D26: 北向 固件版本号1 2582 3x | J26: 1 | K26: STRING | L26: RO | M26: 3x | O26: 15 | P26: LOCAL_SIG_VERSION
A27: 监控系统 | B27: 系统 | C27: 设备信息 | D27: 北向 固件版本号2 2597 3x | J27: 1 | K27: STRING | L27: RO | M27: 3x | O27: 15 | P27: LOCAL_SIG_2597
... A58: 日志系统 | B58: 系统 | C58: 日志系统 | D58: 北向 数据有效长度 4x | J58: 1 | K58: U16 | L58: RW | M58: 4x | O58: 1 | P58: LOCAL_SIG_32061
A59: 监控系统 | B59: 系统 | C59: 模块统计信息 | D59: 模块负载电压 | I59: V | J59: 0.1 | K59: U16 | L59: RO | M59: 3x | O59: 1 | P59: UPM_SIG_LOAD_VOL
A60: 监控系统 | B60: 系统 | C60: 模块统计信息 | D60: 模块负载电流 | I60: A | J60: 0.1 | K60: U16 | L60: RO | M60: 3x | O60: 1 | P60: UPM_SIG_LOAD_CUR
A61: 监控系统 | B61: 系统 | C61: 模块统计信息 | D61: 电池电压 | I61: V | J61: 0.1 | K61: U16 | L61: RO | M61: 3x | O61: 1 | P61: UPM_SIG_BAT_VOL
A62: 监控系统 | B62: 系统 | C62: 模块统计信息 | D62: 电池电流 | I62: A | J62: 0.1 | K62: U16 | L62: RO | M62: 3x | O62: 1 | P62: UPM_SIG_BAT_CUR
A63: 监控系统 | B63: 系统 | C63: 模块统计信息 | D63: 模块交流线电压Uab | I63: V | J63: 0.1 | K63: U16 | L63: RO | M63: 3x | O63: 1 | P63: UPM_SIG_UAB_VOL
A64: 监控系统 | B64: 系统 | C64: 模块统计信息 | D64: 模块交流线电压Ubc | I64: V | J64: 0.1 | K64: U16 | L64: RO | M64: 3x | O64: 1 | P64: UPM_SIG_UBC_VOL
A65: 监控系统 | B65: 系统 | C65: 模块统计信息 | D65: 模块交流线电压Uca | I65: V | J65: 0.1 | K65: U16 | L65: RO | M65: 3x | O65: 1 | P65: UPM_SIG_UCA_VOL
A66: 监控系统 | B66: 系统 | C66: 模块统计信息 | D66: 交流频率 | I66: Hz | J66: 0.1 | K66: U16 | L66: RO | M66: 3x | O66: 1 | P66: UPM_SIG_AC_FREQ
A67: 监控系统 | B67: 系统 | C67: 模块统计信息 | D67: 模块温度 | I67: ℃ | J67: 0.1 | K67: U16 | L67: RO | M67: 3x | O67: 1 | P67: UPM_SIG_TEMP
A68: 监控系统 | B68: 系统 | C68: 模块统计信息 | D68: 子板供电方式 | E68: bit0 - cell1 0-AC 1-DC bit1 - cell2 0-AC 1-DC bit2 - cell3 0-AC 1-DC bit3 - cell4 0-AC 1-DC bit4 - cell50-AC 1-DC bit5 - cell6 0-AC 1-DC bit6 - cell7 0-AC 1-DC bit7 - cell8 0-AC 1-DC | K68: U16 | L68: RO | M68: 3x | O68: 1 | P68: UPM_SIG_POWER_MODE_STATE
A69: 监控系统 | B69: 系统 | C69: 模块统计信息 | D69: 子板开关机状态 | E69: bit0- cell1 0-关机 1-开机 bit1 - cell2 0-关机 1-开机 bit2- cell3 0-关机 1-开机 bit3 - cell4 0-关机 1-开机 bit4- cell5 0-关机 1-开机 bit5 - cell6 0-关机 1-开机 bit6- cell7 0-关机 1-开机 bit7 - cell8 0-关机 1-开机 | K69: U16 | L69: RO | M69: 3x | O69: 1 | P69: UPM_SIG_POWER_ OFF_STATE
A70: 监控系统 | B70: 系统 | C70: 模块统计信息 | D70: 子板休眠状态 | E70: bit0- cell1 0-工作 bit1 - cell2 0-工作 1-休眠 bit2- cell3 0-工作 1-休眠 bit3 - cell4 0-工作 1-休眠 bit4- cell5 0-工作 1-休眠 bit5 - cell6 0-工作 1-休眠 bit6- cell7 0-工作 1-休眠 bit7 - cell8 0-工作 1-休眠 | K70: U16 | L70: RO | M70: 3x | O70: 1 | P70: UPM_SIG_SLEEP_STATE
A71: 监控系统 | B71: 系统 | C71: 模块统计信息 | D71: 模块故障1模块故障1 | E71: bit0 - 模块故障 bit1 -模块均流故障 bit2 -模块风扇故障 bit3 -模块过温 bit4-限流限功率 | K71: U32 | L71: RO | M71: 3x | O71: 2 | P71: UPM_SIG_FAULT_STATE1
A72: 监控系统 | B72: 系统 | C72: 模块统计信息 | D72: 模块交流故障 | E72: bit0 -模块交流线电压Uab高 bit1 -模块交流线电压Ubc高 bit2 -模块交流线电压Uca高 bit3 -模块交流线电压Uab低 bit4 -模块交流线电压Ubc低 bit5 -模块交流线电压Uca低 bit6 -模块交流中断 bit7 -模块交流频率高 bit8 -模块交流频率低 | K72: U16 | L72: RO | M72: 3x | O72: 1 | P72: UPM_SIG_AC_FAULT_STATE
A73: 监控系统 | B73: 系统 | C73: 模块统计信息 | D73: 子板故障状态 | E73: bit0- cell1 0-正常 1-故障 bit1 - cell2 0-正常 1-故障 bit2- cell3 0-正常 1-故障 bit3 - cell4 0-正常 1-故障 bit4- cell5 0-正常 1-故障 bit5 - cell6 0-正常 1-故障 bit6- cell7 0-正常 1-故障 bit7 - cell8 0-正常 1-故障 | K73: U16 | L73: RO | M73: 3x | O73: 1 | P73: UPM_SIG_SUB_BOARD_FAULT_STATE
A74: 监控系统 | B74: 系统 | C74: 模块统计信息 | D74: 负载输出电压设置 | F74: 270 | I74: V | J74: 0.1 | K74: U16 | L74: RW | M74: 4x | O74: 1 | P74: UPM_SIG_LOAD_VOL_SET
A75: 监控系统 | B75: 系统 | C75: 模块统计信息 | D75: 负载输出限流值 | F75: 100 | I75: A | J75: 0.1 | K75: U16 | L75: RW | M75: 4x | O75: 1 | P75: UPM_SIG_LOAD_CUR_SET
A76: 监控系统 | B76: 系统 | C76: 模块统计信息 | D76: 负载输出电压缺省值 | F76: 270 | I76: V | J76: 0.1 | K76: U16 | L76: RW | M76: 4x | O76: 1 | P76: UPM_SIG_LOAD_DEFAULT_VOL
A77: 监控系统 | B77: 系统 | C77: 模块统计信息 | D77: 电池电压设置 | F77: 270 | I77: V | J77: 0.1 | K77: U16 | L77: RW | M77: 4x | O77: 1 | P77: UPM_SIG_BAT_VOL_SET
A78: 监控系统 | B78: 系统 | C78: 模块统计信息 | D78: 电池限流设置 | F78: 10 | I78: A | J78: 0.1 | K78: U16 | L78: RW | M78: 4x | O78: 1 | P78: UPM_SIG_BAT_CUR_SET
A79: 监控系统 | B79: 系统 | C79: 模块统计信息 | D79: 电池输出点电压缺省值 | F79: 270 | I79: V | J79: 0.1 | K79: U16 | L79: RW | M79: 4x | O79: 1 | P79: UPM_SIG_BAT_DEFAULT_VOL
A80: 监控系统 | B80: 系统 | C80: 模块统计信息 | D80: 模块交流过压值 | F80: 420 | I80: V | J80: 0.1 | K80: U16 | L80: RW | M80: 4x | O80: 1 | P80: UPM_SIG_AC_OVER_VOL
A81: 监控系统 | B81: 系统 | C81: 模块统计信息 | D81: 模块交流欠压值 | F81: 370 | I81: V | J81: 0.1 | K81: U16 | L81: RW | M81: 4x | O81: 1 | P81: UPM_SIG_AC_UNDER_VOL
A82: 监控系统 | B82: 系统 | C82: 模块统计信息 | D82: 模块交流失压值 | F82: 170 | I82: V | J82: 0.1 | K82: U16 | L82: RW | M82: 4x | O82: 1 | P82: UPM_SIG_AC_NONE_VOL
A83: 监控系统 | B83: 系统 | C83: 模块统计信息 | D83: 模块交流频率高门限值 | F83: 70 | I83: Hz | J83: 0.1 | K83: U16 | L83: RW | M83: 4x | O83: 1 | P83: UPM_SIG_AC_OVER_FREQ
A84: 监控系统 | B84: 系统 | C84: 模块统计信息 | D84: 模块交流频率低门限值 | F84: 40 | I84: Hz | J84: 0.1 | K84: U16 | L84: RW | M84: 4x | O84: 1 | P84: UPM_SIG_AC_UNDER_FREQ
A85: 监控系统 | B85: 系统 | C85: 模块统计信息 | D85: 开关机动作 | E85: bit0 -cell1 0-开机 1-关机 bit1 -cell2 0-开机 1-关机 bit2 -cell3 0-开机 1-关机 bit3 -cell4 0-开机 1-关机 bit4 -cell5 0-开机 1-关机 bit5 -cell6 0-开机 1-关机 bit6 -cell7 0-开机 1-关机 bit7 -cell8 0-开机 1-关机 | K85: U16 | L85: RW | M85: 4x | O85: 1 | P85: UPM_SIG_POWER_OFF_CTRL
A86: 监控系统 | B86: 系统 | C86: 模块统计信息 | D86: 休眠动作 | E86: bit0 -cell1 默认不允许参加休眠 bit1 -cell2 0-正常 1-休眠 bit2 -cell3 0-正常 1-休眠 bit3 -cell4 0-正常 1-休眠 bit4 -cell5 0-正常 1-休眠 bit5 -cell6 0-正常 1-休眠 bit6 -cell7 0-正常 1-休眠 bit7 -cell8 0-正常 1-休眠 | K86: U16 | L86: RW | M86: 4x | O86: 1 | P86: UPM_SIG_SLEEP_CTRL
A87: 监控系统 | B87: 系统 | C87: 模块统计信息 | D87: 子板供电动作 | E87: bit0 - cell1 0-AC 1-DC bit1 - cell2 0-AC 1-DC bit2 - cell3 0-AC 1-DC bit3 - cell4 0-AC 1-DC bit4 - cell50-AC 1-DC bit5 - cell6 0-AC 1-DC bit6 - cell7 0-AC 1-DC bit7 - cell8 0-AC 1-DC | K87: U16 | L87: RW | M87: 4x | O87: 1 | P87: UPM_SIG_POWER_MODE_CTRL
A88: 监控系统 | B88: 模块1 | C88: 系统参数1 | D88: 固件版本号版本 | F88: 0 | G88: 65534 | H88: 0 | J88: 1 | K88: STRING | L88: RO | M88: 3x | O88: 15
A89: 监控系统 | B89: 模块2 | C89: 系统参数1 | D89: 固件版本号版本 | F89: 0 | G89: 65534 | H89: 0 | J89: 1 | K89: STRING | L89: RO | M89: 3x | O89: 15
A90: 监控系统 | B90: 模块3 | C90: 系统参数1 | D90: 固件版本号版本 | F90: 0 | G90: 65534 | H90: 0 | J90: 1 | K90: STRING | L90: RO | M90: 3x | O90: 15
A91: 监控系统 | B91: 模块4 | C91: 系统参数1 | D91: 固件版本号版本 | F91: 0 | G91: 65534 | H91: 0 | J91: 1 | K91: STRING | L91: RO | M91: 3x | O91: 15
A92: 监控系统 | B92: 模块5 | C92: 系统参数1 | D92: 固件版本号版本 | F92: 0 | G92: 65534 | H92: 0 | J92: 1 | K92: STRING | L92: RO | M92: 3x | O92: 15
A93: 监控系统 | B93: 模块6 | C93: 系统参数1 | D93: 固件版本号版本 | F93: 0 | G93: 65534 | H93: 0 | J93: 1 | K93: STRING | L93: RO | M93: 3x | O93: 15
A94: 监控系统 | B94: 模块7 | C94: 系统参数1 | D94: 固件版本号版本 | F94: 0 | G94: 65534 | H94: 0 | J94: 1 | K94: STRING | L94: RO | M94: 3x | O94: 15
A95: 监控系统 | B95: 模块8 | C95: 系统参数1 | D95: 固件版本号版本 | F95: 0 | G95: 65534 | H95: 0 | J95: 1 | K95: STRING | L95: RO | M95: 3x | O95: 15
A96: 监控系统 | B96: 模块1 | C96: 系统参数2 | D96: 机器型号 | F96: 0 | G96: 65535 | H96: 0 | J96: 1 | K96: STRING | L96: RO | M96: 3x | O96: 8
A97: 监控系统 | B97: 模块2 | C97: 系统参数2 | D97: 机器型号 | F97: 0 | G97: 65535 | H97: 0 | J97: 1 | K97: STRING | L97: RO | M97: 3x | O97: 8
A98: 监控系统 | B98: 模块3 | C98: 系统参数2 | D98: 机器型号 | F98: 0 | G98: 65535 | H98: 0 | J98: 1 | K98: STRING | L98: RO | M98: 3x | O98: 8
A99: 监控系统 | B99: 模块4 | C99: 系统参数2 | D99: 机器型号 | F99: 0 | G99: 65535 | H99: 0 | J99: 1 | K99: STRING | L99: RO | M99: 3x | O99: 8
A100: 监控系统 | B100: 模块5 | C100: 系统参数2 | D100: 机器型号 | F100: 0 | G100: 65535 | H100: 0 | J100: 1 | K100: STRING | L100: RO | M100: 3x | O100: 8
A101: 监控系统 | B101: 模块6 | C101: 系统参数2 | D101: 机器型号 | F101: 0 | G101: 65535 | H101: 0 | J101: 1 | K101: STRING | L101: RO | M101: 3x | O101: 8
A102: 监控系统 | B102: 模块7 | C102: 系统参数2 | D102: 机器型号 | F102: 0 | G102: 65535 | H102: 0 | J102: 1 | K102: STRING | L102: RO | M102: 3x | O102: 8
A103: 监控系统 | B103: 模块8 | C103: 系统参数2 | D103: 机器型号 | F103: 0 | G103: 65535 | H103: 0 | J103: 1 | K103: STRING | L103: RO | M103: 3x | O103: 8
A104: 监控系统 | B104: 模块1 | C104: 系统参数2 | D104: 机器版本号 | F104: 0 | G104: 65535 | H104: 0 | J104: 1 | K104: STRING | L104: RO | M104: 3x | O104: 10
A105: 监控系统 | B105: 模块2 | C105: 系统参数2 | D105: 机器版本号 | F105: 0 | G105: 65535 | H105: 0 | J105: 1 | K105: STRING | L105: RO | M105: 3x | O105: 10
A106: 监控系统 | B106: 模块3 | C106: 系统参数2 | D106: 机器版本号 | F106: 0 | G106: 65535 | H106: 0 | J106: 1 | K106: STRING | L106: RO | M106: 3x | O106: 10
A107: 监控系统 | B107: 模块4 | C107: 系统参数2 | D107: 机器版本号 | F107: 0 | G107: 65535 | H107: 0 | J107: 1 | K107: STRING | L107: RO | M107: 3x | O107: 10
... A111: 监控系统 | B111: 模块8 | C111: 系统参数2 | D111: 机器版本号 | F111: 0 | G111: 65535 | H111: 0 | J111: 1 | K111: STRING | L111: RO | M111: 3x | O111: 10
A112: 监控系统 | B112: 模块1 | C112: 系统参数2 | D112: 机器型号编码 | F112: 0 | G112: 65535 | H112: 0 | J112: 1 | K112: U16 | L112: RO | M112: 3x | O112: 1
A113: 监控系统 | B113: 模块2 | C113: 系统参数2 | D113: 机器型号编码 | F113: 0 | G113: 65535 | H113: 0 | J113: 1 | K113: U16 | L113: RO | M113: 3x | O113: 1
A114: 监控系统 | B114: 模块3 | C114: 系统参数2 | D114: 机器型号编码 | F114: 0 | G114: 65535 | H114: 0 | J114: 1 | K114: U16 | L114: RO | M114: 3x | O114: 1
A115: 监控系统 | B115: 模块4 | C115: 系统参数2 | D115: 机器型号编码 | F115: 0 | G115: 65535 | H115: 0 | J115: 1 | K115: U16 | L115: RO | M115: 3x | O115: 1
A116: 监控系统 | B116: 模块5 | C116: 系统参数2 | D116: 机器型号编码 | F116: 0 | G116: 65535 | H116: 0 | J116: 1 | K116: U16 | L116: RO | M116: 3x | O116: 1
A117: 监控系统 | B117: 模块6 | C117: 系统参数2 | D117: 机器型号编码 | F117: 0 | G117: 65535 | H117: 0 | J117: 1 | K117: U16 | L117: RO | M117: 3x | O117: 1
A118: 监控系统 | B118: 模块7 | C118: 系统参数2 | D118: 机器型号编码 | F118: 0 | G118: 65535 | H118: 0 | J118: 1 | K118: U16 | L118: RO | M118: 3x | O118: 1
A119: 监控系统 | B119: 模块8 | C119: 系统参数2 | D119: 机器型号编码 | F119: 0 | G119: 65535 | H119: 0 | J119: 1 | K119: U16 | L119: RO | M119: 3x | O119: 1
A120: 监控系统 | B120: 模块1 | C120: 系统参数2 | D120: 设备类型编码 | F120: 0 | G120: 65535 | H120: 0 | J120: 1 | K120: U16 | L120: RO | M120: 3x | O120: 1
A121: 监控系统 | B121: 模块2 | C121: 系统参数2 | D121: 设备类型编码 | F121: 0 | G121: 65535 | H121: 0 | J121: 1 | K121: U16 | L121: RO | M121: 3x | O121: 1
A122: 监控系统 | B122: 模块3 | C122: 系统参数2 | D122: 设备类型编码 | F122: 0 | G122: 65535 | H122: 0 | J122: 1 | K122: U16 | L122: RO | M122: 3x | O122: 1
A123: 监控系统 | B123: 模块4 | C123: 系统参数2 | D123: 设备类型编码 | F123: 0 | G123: 65535 | H123: 0 | J123: 1 | K123: U16 | L123: RO | M123: 3x | O123: 1
... A127: 监控系统 | B127: 模块8 | C127: 系统参数2 | D127: 设备类型编码 | F127: 0 | G127: 65535 | H127: 0 | J127: 1 | K127: U16 | L127: RO | M127: 3x | O127: 1
A128: 监控系统 | B128: 模块1 | C128: 系统参数2 | D128: 序列号 | F128: 0 | G128: 65535 | H128: 0 | J128: 1 | K128: STRING | L128: RW | M128: 4x | O128: 10
A129: 监控系统 | B129: 模块2 | C129: 系统参数2 | D129: 序列号 | F129: 0 | G129: 65535 | H129: 0 | J129: 1 | K129: STRING | L129: RW | M129: 4x | O129: 10
A130: 监控系统 | B130: 模块3 | C130: 系统参数2 | D130: 序列号 | F130: 0 | G130: 65535 | H130: 0 | J130: 1 | K130: STRING | L130: RW | M130: 4x | O130: 10
A131: 监控系统 | B131: 模块4 | C131: 系统参数2 | D131: 序列号 | F131: 0 | G131: 65535 | H131: 0 | J131: 1 | K131: STRING | L131: RW | M131: 4x | O131: 10
A132: 监控系统 | B132: 模块5 | C132: 系统参数2 | D132: 序列号 | F132: 0 | G132: 65535 | H132: 0 | J132: 1 | K132: STRING | L132: RW | M132: 4x | O132: 10
A133: 监控系统 | B133: 模块6 | C133: 系统参数2 | D133: 序列号 | F133: 0 | G133: 65535 | H133: 0 | J133: 1 | K133: STRING | L133: RW | M133: 4x | O133: 10
A134: 监控系统 | B134: 模块7 | C134: 系统参数2 | D134: 序列号 | F134: 0 | G134: 65535 | H134: 0 | J134: 1 | K134: STRING | L134: RW | M134: 4x | O134: 10
A135: 监控系统 | B135: 模块8 | C135: 系统参数2 | D135: 序列号 | F135: 0 | G135: 65535 | H135: 0 | J135: 1 | K135: STRING | L135: RW | M135: 4x | O135: 10
A136: 监控系统 | B136: 模块1 | C136: 任务级观测量 | D136: DCDC任务级故障字1 | E136: bit0:RECT1温度过温 bit1:RECT2温度过温 bit2:BST温度过温 bit3:Buck温度过温 bit4:环境温度过温 bit5:预留5 bit6:电网缺相 bit7:Rect输出母线过压 bit8:Rect输出母线欠压 bit9:Boost输出母线过压 bit10:Boost输出母线欠压 bit11:Buck输出母线过压 bit12:Buck输出母线欠压 bit13:Can通信超时 bit14:预留14 bit15:预留15 | F136: 0 | G136: 65535 | H136: 0 | J136: 1 | K136: U16 | L136: RO | M136: 3x | O136: 1
...

Sheet UPM单板测点
A1: 系统分类 | B1: 数据定义 | C1: 离散值 逻辑 | D1: 默认值 | E1: 数据 上限 | F1: 数据 下限 | G1: 单位 | H1: 精度 | I1: 数据 类型 | J1: 读写 权限 | K1: 数据 长度 | L1: arm配置参数 | M1: 回调函数 | N1: 数据分类 | O1: modbus 地址 | P1: signID | Q1: ENMU | R1: 数据上传等级 | S1: 模型分类 | T1: 模型号 | U1: 备注 | V1: =COUNTA(O2:O4944) -> 86
A2: 监控系统 | B2: 设备转发地址 | D2: 0 | E2: 247 | F2: 0 | H2: 1 | I2: U16 | J2: RW | K2: 2 | L2: 5 | M2: NULL | N2: 通讯参数 | O2: 41654 | P2: COMM_SIGID_TR_ADDR | Q2: LOCAL_SIG_TR_ADDR | R2: 0：不上传 | S2: 模块统计信息 | U2: 寄存器类型=0x03；寄存器数量=1；转发说明=modbus设备地址(DCIM)
A3: 监控系统 | B3: 平台软件发布版本 | H3: 1 | I3: U16 | J3: RO | K3: 2 | L3: 0 | M3: NULL | N3: 平台信息 | O3: 2815 | P3: COMM_SIGID_VER_PUBLISH | Q3: LOCAL_SIG_VER_PUBLISH | R3: 0：不上传 | S3: 模块统计信息 | U3: 寄存器类型=0x04；寄存器数量=1；转发说明=平台软件发布版本 3x
A4: 监控系统 | B4: 平台软件构建版本 | H4: 1 | I4: U16 | J4: RO | K4: 2 | L4: 0 | M4: NULL | N4: 平台信息 | O4: 2816 | P4: COMM_SIGID_VER_BUILD | Q4: LOCAL_SIG_VER_BUILD | R4: 0：不上传 | S4: 模块统计信息 | U4: 寄存器类型=0x04；寄存器数量=1；转发说明=平台软件构建版本 3x
A5: 监控系统 | B5: 平台软件补丁版本 | H5: 1 | I5: U16 | J5: RO | K5: 2 | L5: 0 | M5: NULL | N5: 平台信息 | O5: 2817 | P5: COMM_SIGID_VER_HOTFIX | Q5: LOCAL_SIG_VER_HOTFIX | R5: 0：不上传 | S5: 模块统计信息 | U5: 寄存器类型=0x04；寄存器数量=1；转发说明=平台软件补丁版本 3x
A6: 通讯设备 | B6: 平台软件标签版本 | H6: 1 | I6: U16 | K6: 2 | L6: 0 | M6: NULL | N6: 平台信息 | P6: COMM_SIGID_VER_TAG | Q6: LOCAL_SIG_VER_TAG | R6: 0：不上传 | S6: 模块统计信息
A7: 监控系统 | B7: 设备序列号 | H7: 1 | I7: STRING | J7: RW | K7: 20 | L7: 17 | M7: link_inner_sn_value | N7: 平台信息 | O7: 31811 | P7: COMM_SIGID_DEV_SN | Q7: LOCAL_SIG_DEV_SN | R7: 0：不上传 | S7: 模块统计信息 | U7: 寄存器类型=0x03；寄存器数量=10；转发说明=本地设备序列号
A8: 通讯设备 | B8: 串口1工作模式 | D8: 2 | E8: 0 | F8: 5 | H8: 1 | I8: U32 | J8: RW | K8: 4 | L8: 17 | M8: local_equip_take_sig_effect | N8: 通讯参数 | P8: SIGID_UART_PORT1_WORKMODE | Q8: LOCAL_SIG_UART_PORT1_WORKMODE | R8: 0：不上传 | S8: 模块统计信息
A9: 监控系统 | B9: 串口1波特率 | D9: 115200 | E9: 0 | F9: 460800 | H9: 1 | I9: U32 | J9: RW | K9: 4 | L9: 17 | M9: local_equip_take_sig_effect | N9: 通讯参数 | P9: SIGID_UART_PORT1_BAUD | Q9: LOCAL_SIG_UART_PORT1_BAUD | R9: 0：不上传 | S9: 模块统计信息 | U9: 寄存器类型=0x03；寄存器数量=2；转发说明=串口1波特率(DCIM)
A10: 监控系统 | B10: 串口1奇偶校验 | D10: E_USART_PARITY_NO | E10: E_USART_PARITY_NO | F10: E_USART_PARITY_EVEN | H10: 1 | I10: U32 | J10: RW | K10: 4 | L10: 17 | M10: local_equip_take_sig_effect | N10: 通讯参数 | P10: SIGID_UART_PORT1_PARITY | Q10: LOCAL_SIG_UART_PORT1_PARITY | R10: 0：不上传 | S10: 模块统计信息 | U10: 寄存器类型=0x03；寄存器数量=2；转发说明=串口1奇偶校验(DCIM)
A11: 监控系统 | B11: 串口1停止位 | D11: E_USART_STOP_BIT1 | E11: E_USART_STOP_BIT1 | F11: E_USART_STOP_BIT2 | H11: 1 | I11: U32 | J11: RW | K11: 4 | L11: 17 | M11: local_equip_take_sig_effect | N11: 通讯参数 | P11: SIGID_UART_PORT1_STOP_BITS | Q11: LOCAL_SIG_UART_PORT1_STOP_BITS | R11: 0：不上传 | S11: 模块统计信息 | U11: 寄存器类型=0x03；寄存器数量=2；转发说明=串口1停止位(DCIM)
A12: 监控系统 | B12: 串口2工作模式 | H12: 1 | I12: U32 | K12: 4 | L12: 17 | M12: local_equip_take_sig_effect | N12: 通讯参数 | P12: SIGID_UART_PORT2_WORKMODE | Q12: LOCAL_SIG_UART_PORT2_WORKMODE | R12: 0：不上传 | S12: 模块统计信息
A13: 监控系统 | B13: 串口2波特率 | H13: 1 | I13: U32 | J13: RW | K13: 4 | L13: 17 | M13: local_equip_take_sig_effect | N13: 通讯参数 | P13: SIGID_UART_PORT2_BAUD | Q13: LOCAL_SIG_UART_PORT2_BAUD | R13: 0：不上传 | S13: 模块统计信息 | U13: 寄存器类型=0x03；寄存器数量=2；转发说明=串口2波特率(ICONFIG)
A14: 监控系统 | B14: 串口2奇偶校验 | H14: 1 | I14: U32 | J14: RW | K14: 4 | L14: 17 | M14: local_equip_take_sig_effect | N14: 通讯参数 | P14: SIGID_UART_PORT2_PARITY | Q14: LOCAL_SIG_UART_PORT2_PARITY | R14: 0：不上传 | S14: 模块统计信息 | U14: 寄存器类型=0x03；寄存器数量=2；转发说明=串口2奇偶校验(ICONFIG)
A15: 监控系统 | B15: 串口2停止位 | H15: 1 | I15: U32 | J15: RW | K15: 4 | L15: 17 | M15: local_equip_take_sig_effect | N15: 通讯参数 | P15: SIGID_UART_PORT2_STOP_BITS | Q15: LOCAL_SIG_UART_PORT2_STOP_BITS | R15: 0：不上传 | S15: 模块统计信息 | U15: 寄存器类型=0x03；寄存器数量=2；转发说明=串口2停止位(ICONFIG)
A16: 监控系统 | B16: 串口3工作模式 | H16: 1 | I16: U32 | K16: 4 | L16: 17 | M16: local_equip_take_sig_effect | N16: 通讯参数 | P16: SIGID_UART_PORT3_WORKMODE | Q16: LOCAL_SIG_UART_PORT3_WORKMODE | R16: 0：不上传 | S16: 模块统计信息
A17: 监控系统 | B17: 串口3波特率 | H17: 1 | I17: U32 | J17: RW | K17: 4 | L17: 17 | M17: local_equip_take_sig_effect | N17: 通讯参数 | P17: SIGID_UART_PORT3_BAUD | Q17: LOCAL_SIG_UART_PORT3_BAUD | R17: 0：不上传 | S17: 模块统计信息 | U17: 寄存器类型=0x03；寄存器数量=2；转发说明=串口3波特率(HMI)
A18: 监控系统 | B18: 串口3奇偶校验 | H18: 1 | I18: U32 | J18: RW | K18: 4 | L18: 17 | M18: local_equip_take_sig_effect | N18: 通讯参数 | P18: SIGID_UART_PORT3_PARITY | Q18: LOCAL_SIG_UART_PORT3_PARITY | R18: 0：不上传 | S18: 模块统计信息 | U18: 寄存器类型=0x03；寄存器数量=2；转发说明=串口3奇偶校验(HMI)
A19: 监控系统 | B19: 串口3停止位 | H19: 1 | I19: U32 | J19: RW | K19: 4 | L19: 17 | M19: local_equip_take_sig_effect | N19: 通讯参数 | P19: SIGID_UART_PORT3_STOP_BITS | Q19: LOCAL_SIG_UART_PORT3_STOP_BITS | R19: 0：不上传 | S19: 模块统计信息 | U19: 寄存器类型=0x03；寄存器数量=2；转发说明=串口3停止位(HMI)
A20: 监控系统 | B20: 串口4工作模式 | H20: 1 | I20: U32 | K20: 4 | L20: 17 | M20: local_equip_take_sig_effect | N20: 通讯参数 | P20: SIGID_UART_PORT4_WORKMODE | Q20: LOCAL_SIG_UART_PORT4_WORKMODE | R20: 0：不上传 | S20: 模块统计信息
A21: 监控系统 | B21: 串口4波特率 | H21: 1 | I21: U32 | K21: 4 | L21: 17 | M21: local_equip_take_sig_effect | N21: 通讯参数 | P21: SIGID_UART_PORT4_BAUD | Q21: LOCAL_SIG_UART_PORT4_BAUD | R21: 0：不上传 | S21: 模块统计信息
A22: 监控系统 | B22: 串口4奇偶校验 | H22: 1 | I22: U32 | K22: 4 | L22: 17 | M22: local_equip_take_sig_effect | N22: 通讯参数 | P22: SIGID_UART_PORT4_PARITY | Q22: LOCAL_SIG_UART_PORT4_PARITY | R22: 0：不上传 | S22: 模块统计信息
A23: 监控系统 | B23: 串口4停止位 | H23: 1 | I23: U32 | K23: 4 | L23: 17 | M23: local_equip_take_sig_effect | N23: 通讯参数 | P23: SIGID_UART_PORT4_STOP_BITS | Q23: LOCAL_SIG_UART_PORT4_STOP_BITS | R23: 0：不上传 | S23: 模块统计信息
A24: 监控系统 | B24: 串口5工作模式 | H24: 1 | I24: U32 | K24: 4 | L24: 17 | M24: local_equip_take_sig_effect | N24: 通讯参数 | P24: SIGID_UART_PORT5_WORKMODE | Q24: LOCAL_SIG_UART_PORT5_WORKMODE | R24: 0：不上传 | S24: 模块统计信息
A25: 监控系统 | B25: 串口5波特率 | H25: 1 | I25: U32 | K25: 4 | L25: 17 | M25: local_equip_take_sig_effect | N25: 通讯参数 | P25: SIGID_UART_PORT5_BAUD | Q25: LOCAL_SIG_UART_PORT5_BAUD | R25: 0：不上传 | S25: 模块统计信息
A26: 监控系统 | B26: 串口5奇偶校验 | H26: 1 | I26: U32 | K26: 4 | L26: 17 | M26: local_equip_take_sig_effect | N26: 通讯参数 | P26: SIGID_UART_PORT5_PARITY | Q26: LOCAL_SIG_UART_PORT5_PARITY | R26: 0：不上传 | S26: 模块统计信息
A27: 监控系统 | B27: 串口5停止位 | H27: 1 | I27: U32 | K27: 4 | L27: 17 | M27: local_equip_take_sig_effect | N27: 通讯参数 | P27: SIGID_UART_PORT5_STOP_BITS | Q27: LOCAL_SIG_UART_PORT5_STOP_BITS | R27: 0：不上传 | S27: 模块统计信息
A28: 监控系统 | B28: 串口6工作模式 | H28: 1 | I28: U32 | K28: 4 | L28: 17 | M28: local_equip_take_sig_effect | N28: 通讯参数 | P28: SIGID_UART_PORT6_WORKMODE | Q28: LOCAL_SIG_UART_PORT6_WORKMODE | R28: 0：不上传 | S28: 模块统计信息
A29: 监控系统 | B29: 串口6波特率 | H29: 1 | I29: U32 | K29: 4 | L29: 17 | M29: local_equip_take_sig_effect | N29: 通讯参数 | P29: SIGID_UART_PORT6_BAUD | Q29: LOCAL_SIG_UART_PORT6_BAUD | R29: 0：不上传 | S29: 模块统计信息
A30: 监控系统 | B30: 串口6奇偶校验 | H30: 1 | I30: U32 | K30: 4 | L30: 17 | M30: local_equip_take_sig_effect | N30: 通讯参数 | P30: SIGID_UART_PORT6_PARITY | Q30: LOCAL_SIG_UART_PORT6_PARITY | R30: 0：不上传 | S30: 模块统计信息
A31: 监控系统 | B31: 串口6停止位 | H31: 1 | I31: U32 | K31: 4 | L31: 17 | M31: local_equip_take_sig_effect | N31: 通讯参数 | P31: SIGID_UART_PORT6_STOP_BITS | Q31: LOCAL_SIG_UART_PORT6_STOP_BITS | R31: 0：不上传 | S31: 模块统计信息
... A73: 监控系统 | B73: CAN口2通道3范围 | H73: 1 | I73: U32 | K73: 4 | L73: 17 | M73: local_equip_take_sig_effect | N73: 通讯参数 | P73: SIGID_CAN_PORT2_CHANNEL3_RANGE | Q73: LOCAL_SIG_CAN_PORT2_CHANNEL3_RANGE | R73: 0：不上传 | S73: 模块统计信息
A74: 监控系统 | B74: modbustcp server使能1 | H74: 1 | I74: U16 | K74: 2 | L74: 17 | M74: MPP_NULL_PTR | N74: 通讯参数 | P74: SIGID_CMM_MBTCP_SERVER_FLAG1 | Q74: LOCAL_SIG_CMM_MBTCP_SERVER_FLAG1 | R74: 0：不上传 | S74: 模块统计信息 | U74: 数据定义推断来源=pub_sig_def.h注释
A75: 监控系统 | B75: modbustcp server监听端口1 | H75: 1 | I75: U16 | K75: 2 | L75: 17 | M75: MPP_NULL_PTR | N75: 通讯参数 | P75: SIGID_CMM_MBTCP_SERVER_PORT1 | Q75: LOCAL_SIG_CMM_MBTCP_SERVER_PORT1 | R75: 0：不上传 | S75: 模块统计信息 | U75: 数据定义推断来源=pub_sig_def.h注释
A76: 监控系统 | B76: 以太网DHCP使能开关 | H76: 1 | I76: U16 | J76: RW | K76: 2 | L76: 17 | M76: eth_sig_effect | N76: 通讯参数 | P76: SIGID_ETH_DHCP_ENABLE | Q76: LOCAL_SIG_ETH_DHCP_ENABLE | R76: 0：不上传 | S76: 模块统计信息 | U76: 数据定义推断来源=pub_sig_def.h注释；寄存器类型=0x03；寄存器数量=1；转发说明=DHCP使能
A77: 监控系统 | B77: 以太网IP | D77: 12.12.12.12 | H77: 1 | I77: STRING | J77: RW | K77: 16 | L77: (FLAG_PERSISTENCE |FLAG_PERSISTENCE_SYNC | FLAG_READ_CALLBACK) | M77: eth_sig_effect | N77: 通讯参数 | P77: SIGID_ETH_IP | Q77: LOCAL_SIG_ETH_IP | R77: 0：不上传 | S77: 模块统计信息 | U77: 数据定义推断来源=pub_sig_def.h注释；寄存器类型=0x03；寄存器数量=8；转发说明=IP地址
A78: 监控系统 | B78: 以太网子网掩码 | D78: 255.0.0.0 | H78: 1 | I78: STRING | J78: RW | K78: 16 | L78: (FLAG_PERSISTENCE |FLAG_PERSISTENCE_SYNC | FLAG_READ_CALLBACK) | M78: eth_sig_effect | N78: 通讯参数 | P78: SIGID_ETH_MASK | Q78: LOCAL_SIG_ETH_MASK | R78: 0：不上传 | S78: 模块统计信息 | U78: 数据定义推断来源=pub_sig_def.h注释；寄存器类型=0x03；寄存器数量=8；转发说明=子掩码
A79: 监控系统 | B79: 以太网网关 | D79: 12.12.12.1 | H79: 1 | I79: STRING | J79: RW | K79: 16 | L79: (FLAG_PERSISTENCE |FLAG_PERSISTENCE_SYNC | FLAG_READ_CALLBACK) | M79: eth_sig_effect | N79: 通讯参数 | P79: SIGID_ETH_GATEWAY | Q79: LOCAL_SIG_ETH_GATEWAY | R79: 0：不上传 | S79: 模块统计信息 | U79: 数据定义推断来源=pub_sig_def.h注释；寄存器类型=0x03；寄存器数量=8；转发说明=网关
A80: 监控系统 | B80: 以太网DNS1 | D80: 1.2.4.8 | H80: 1 | I80: STRING | J80: RW | K80: 16 | L80: (FLAG_PERSISTENCE |FLAG_PERSISTENCE_SYNC | FLAG_READ_CALLBACK) | M80: eth_sig_effect | N80: 通讯参数 | P80: SIGID_ETH_DNS1 | Q80: LOCAL_SIG_ETH_DNS1 | R80: 0：不上传 | S80: 模块统计信息 | U80: 数据定义推断来源=pub_sig_def.h注释；寄存器类型=0x03；寄存器数量=8；转发说明=DSN1
A81: 监控系统 | B81: 以太网DNS2 | D81: 8.8.8.8 | H81: 1 | I81: STRING | J81: RW | K81: 16 | L81: (FLAG_PERSISTENCE |FLAG_PERSISTENCE_SYNC | FLAG_READ_CALLBACK) | M81: eth_sig_effect | N81: 通讯参数 | P81: SIGID_ETH_DNS2 | Q81: LOCAL_SIG_ETH_DNS2 | R81: 0：不上传 | S81: 模块统计信息 | U81: 数据定义推断来源=pub_sig_def.h注释；寄存器类型=0x03；寄存器数量=8；转发说明=DSN2
A82: 监控系统 | B82: dsp的数量规格,修改该测点需要保证所有设备已经关机 | H82: 1 | I82: U16 | J82: RW | K82: 2 | L82: 17 | M82: DSP_Dev_Num_Set | N82: 设备信息 | O82: 41651 | P82: SIGID_DSP_DEV_NUM | Q82: LOCAL_SIG_DSP_DEV_NUM | R82: 0：不上传 | S82: 模块统计信息 | U82: 寄存器类型=0x03；寄存器数量=1；转发说明=模块总数
A83: 监控系统 | B83: 查询DSP在线状态 | H83: 1 | I83: U16 | J83: RO | K83: 2 | L83: 0 | M83: NULL | N83: 设备信息 | O83: 16409 | P83: SIGID_DSP_ON_LINE_NUM | Q83: LOCAL_SIG_DSP_ON_LINE_NUM | R83: 0：不上传 | S83: 模块统计信息 | U83: 寄存器类型=0x04；寄存器数量=1；转发说明=北向 查询ARM下挂DSP在线状态(AIDC)16409 3x
A84: 监控系统 | B84: 查询DSP在线状态 | H84: 1 | I84: U16 | J84: RO | K84: 2 | L84: 0 | M84: NULL | N84: 设备信息 | O84: 30097 | P84: SIGID_DSP_ON_LINE_NUM | Q84: LOCAL_SIG_DSP_ON_LINE_NUM | R84: 0：不上传 | S84: 模块统计信息 | U84: 寄存器类型=0x04；寄存器数量=1；转发说明=北向 查询ARM下挂DSP在线状态(AIDC)30097 3x
A85: 监控系统 | B85: 查询DSP在线状态 | H85: 1 | I85: U16 | J85: RO | K85: 2 | L85: 0 | M85: NULL | N85: 设备信息 | O85: 31806 | P85: SIGID_DSP_ON_LINE_NUM | Q85: LOCAL_SIG_DSP_ON_LINE_NUM | R85: 0：不上传 | S85: 模块统计信息 | U85: 寄存器类型=0x04；寄存器数量=1；转发说明=模块通讯状态
A86: 监控系统 | B86: NTP服务器 | H86: 1 | I86: STRING | J86: RW | K86: 64 | L86: 17 | M86: MPP_NULL_PTR | N86: 系统设置 | O86: 41896 | P86: SIGID_NTP_SERVER | Q86: LOCAL_SIG_NTP_SERVER | R86: 0：不上传 | S86: 模块统计信息 | U86: 数据定义推断来源=pub_sig_def.h注释；寄存器类型=0x03；寄存器数量=32；转发说明=NTP对时IP地址
A87: 监控系统 | B87: NTP对时时间间隔 单位:秒 | H87: 1 | I87: U32 | J87: RW | K87: 4 | L87: 17 | M87: MPP_NULL_PTR | N87: 系统设置 | O87: 41894 | P87: SIGID_NTP_TIME_INTERVAL | Q87: LOCAL_SIG_NTP_TIME_INTERVAL | R87: 0：不上传 | S87: 模块统计信息 | U87: 数据定义推断来源=pub_sig_def.h注释；寄存器类型=0x03；寄存器数量=2；转发说明=NTP对时时间间隔设置
A88: 监控系统 | B88: NTP对时成功时间 | H88: 1 | I88: STRING | J88: RW | K88: 32 | L88: 0 | M88: MPP_NULL_PTR | N88: 系统设置 | O88: 41928 | P88: SIGID_NTP_SYNC_TIME | Q88: LOCAL_SIG_NTP_SYNC_TIME | R88: 0：不上传 | S88: 模块统计信息 | U88: 数据定义推断来源=pub_sig_def.h注释；寄存器类型=0x03；寄存器数量=16；转发说明=NTP最新对时成功时间
A89: 监控系统 | B89: 单包广播报文连续发送的次数 | H89: 1 | I89: U8 | K89: 1 | L89: 17 | M89: MPP_NULL_PTR | N89: 通讯参数 | P89: SIGID_DEV_BRD_SEND_CNT | Q89: LOCAL_SIG_DEV_BRD_SEND_CNT | R89: 0：不上传 | S89: 模块统计信息 | U89: 数据定义推断来源=pub_sig_def.h注释
A90: 监控系统 | B90: 未绑定的DSP数量 | H90: 1 | I90: U16 | J90: RO | K90: 2 | L90: 0 | M90: NULL | N90: 设备信息 | O90: 31916 | P90: 329 | Q90: LOCAL_SIG_NOT_BOUND_DSP_NUM | R90: 0：不上传 | S90: 模块统计信息 | U90: 数据定义推断来源=pub_sig_def.h注释；寄存器类型=0x04；寄存器数量=1；转发说明=模块未绑定SN数量
A91: 监控系统 | B91: AES iv 值 | H91: 1 | I91: STRING | K91: 16 | L91: 5 | M91: local_tr_aes_key_config | N91: 设备信息 | P91: 275 | Q91: LOCAL_SIG_275 | R91: 0：不上传 | S91: 模块统计信息
A92: 监控系统 | B92: 转发接收到增量报文标记 | H92: 1 | I92: U16 | K92: 2 | L92: 0 | M92: NULL | N92: 设备信息 | P92: 327 | Q92: LOCAL_SIG_327 | R92: 0：不上传 | S92: 模块统计信息
A93: 监控系统 | B93: 设备类型改变 | H93: 1 | I93: U16 | K93: 2 | L93: PARA_STOR_UNSET_RT | M93: MPP_NULL_PTR | N93: 设备信息 | P93: 1062 | Q93: LOCAL_SIG_1062 | R93: 0：不上传 | S93: 模块统计信息
A94: 监控系统 | B94: 设备类型编码（北向机器型号编码） | D94: E_DEVTYPE_SGAIDC | H94: 1 | I94: U16 | J94: RO | K94: 2 | L94: PARA_UNSTOR_UNSET | M94: MPP_NULL_PTR | N94: 设备信息 | O94: 2515 | P94: 1481 | Q94: LOCAL_SIG_1481 | R94: 0：不上传 | S94: 模块统计信息 | U94: 数据定义推断来源=sigID、历史配置及转发注释；寄存器类型=0x04；寄存器数量=1；转发说明=北向 机器型号编码2515 3x
A95: 故障录波系统 | B95: 北向 设置执行故障录播的DSP地址16027 3x | H95: 1 | I95: U16 | K95: 2 | L95: PARA_UNSTOR_UNSET | M95: MPP_NULL_PTR | N95: 故障录波系统 | P95: 16027 | Q95: LOCAL_SIG_16027 | R95: 0：不上传 | S95: 模块统计信息
A96: 故障录波系统 | B96: 北向 录波数据总条数30078 3x | H96: 1 | I96: U16 | J96: RO | K96: 2 | L96: PARA_UNSTOR_UNSET | M96: MPP_NULL_PTR | N96: 故障录波系统 | O96: 30078 | P96: 1621 | Q96: LOCAL_SIG_1621 | R96: 0：不上传 | S96: 模块统计信息 | U96: 寄存器类型=0x04；寄存器数量=1；转发说明=北向 录波数据总条数30078 3x
A97: 故障录波系统 | B97: 北向 录波数据读取进度30079 3x | H97: 1 | I97: U16 | J97: RO | K97: 2 | L97: PARA_UNSTOR_UNSET | M97: MPP_NULL_PTR | N97: 故障录波系统 | O97: 30079 | P97: 1622 | Q97: LOCAL_SIG_1622 | R97: 0：不上传 | S97: 模块统计信息 | U97: 寄存器类型=0x04；寄存器数量=1；转发说明=北向 录波数据读取进度30079 3x
A98: 故障录波系统 | B98: 北向 整机属性协议号2500 3x | H98: 1 | I98: STRING | J98: RO | K98: 4 | L98: (PARA_UNSTOR_UNSET | FLAG_READ_CALLBACK) | M98: property_prtol_3X_2500_2502 | N98: 故障录波系统 | O98: 2500 | P98: 2500 | Q98: LOCAL_SIG_2500 | R98: 0：不上传 | S98: 模块统计信息 | U98: 寄存器类型=0x04；寄存器数量=2；转发说明=北向 整机属性协议号2500 3x
A99: 故障录波系统 | B99: 北向 整机属性协议版本2502 3x | H99: 1 | I99: U16 | J99: RO | K99: 4 | L99: (PARA_UNSTOR_UNSET | FLAG_READ_CALLBACK) | M99: property_prtol_3X_2500_2502 | N99: 故障录波系统 | O99: 2502 | P99: 2502 | Q99: LOCAL_SIG_2502 | R99: 0：不上传 | S99: 模块统计信息 | U99: 寄存器类型=0x04；寄存器数量=2；转发说明=北向 整机属性协议版本2502 3x
A100: 故障录波系统 | B100: 北向 协议地址长度2504 3x | H100: 1 | I100: U16 | J100: RO | K100: 2 | L100: PARA_UNSTOR_UNSET | M100: MPP_NULL_PTR | N100: 故障录波系统 | O100: 2504 | P100: 2504 | Q100: LOCAL_SIG_2504 | R100: 0：不上传 | S100: 模块统计信息 | U100: 寄存器类型=0x04；寄存器数量=1；转发说明=北向 协议地址长度2504 3x
A101: 故障录波系统 | B101: 南向 机器型号30360 4x 北向 机器型号2516 3x | H101: 1 | I101: STRING | J101: RO | K101: 16 | L101: (PARA_STOR_UNSET_RT | FLAG_READ_CALLBACK) | M101: device_name_3X_2516 | N101: 故障录波系统 | O101: 2516 | P101: 2516 | Q101: LOCAL_SIG_2516 | R101: 0：不上传 | S101: 模块统计信息 | U101: 寄存器类型=0x04；寄存器数量=8；转发说明=南向 机器型号30360 4x 北向 机器型号2516 3x
A102: 故障录波系统 | B102: 北向 故障录波协议号2569 3x | H102: 1 | I102: U32 | J102: RO | K102: 4 | L102: (PARA_UNSTOR_UNSET | FLAG_READ_CALLBACK) | M102: property_prtol_3X_2569_2575 | N102: 故障录波系统 | O102: 2569 | P102: 2569 | Q102: LOCAL_SIG_2569 | R102: 0：不上传 | S102: 模块统计信息 | U102: 寄存器类型=0x04；寄存器数量=2；转发说明=北向 故障录波协议号2569 3x
A103: 故障录波系统 | B103: 北向 故障录波协议版本2571 3x | H103: 1 | I103: U32 | J103: RO | K103: 4 | L103: (PARA_UNSTOR_UNSET | FLAG_READ_CALLBACK) | M103: property_prtol_3X_2569_2575 | N103: 故障录波系统 | O103: 2571 | P103: 2571 | Q103: LOCAL_SIG_2571 | R103: 0：不上传 | S103: 模块统计信息 | U103: 寄存器类型=0x04；寄存器数量=2；转发说明=北向 故障录波协议版本2571 3x
A104: 监控系统 | B104: 北向 上传固件版本数量2581 3x | H104: 1 | I104: U16 | J104: RO | K104: 2 | L104: (PARA_UNSTOR_UNSET | FLAG_READ_CALLBACK) | M104: property_prtol_3X_2581 | N104: 设备信息 | O104: 2581 | P104: 2581 | Q104: LOCAL_SIG_2581 | R104: 0：不上传 | S104: 模块统计信息 | U104: 寄存器类型=0x04；寄存器数量=1；转发说明=北向 上传固件版本数量2581 3x
A105: 监控系统 | B105: 北向 固件版本号1 2582 3x | H105: 1 | I105: STRING | J105: RO | K105: 30 | L105: (PARA_UNSTOR_UNSET | FLAG_READ_CALLBACK) | M105: property_prtol_3X_2582_2657 | N105: 设备信息 | O105: 2582 | P105: 2582 | Q105: LOCAL_SIG_VERSION | R105: 0：不上传 | S105: 模块统计信息 | U105: 寄存器类型=0x04；寄存器数量=15；转发说明=北向 固件版本号12582 3x
A106: 监控系统 | B106: 北向 固件版本号1 2582 3x | H106: 1 | I106: STRING | J106: RO | K106: 30 | L106: (PARA_UNSTOR_UNSET | FLAG_READ_CALLBACK) | M106: property_prtol_3X_2582_2657 | N106: 设备信息 | O106: 31821 | P106: 2582 | Q106: LOCAL_SIG_VERSION | R106: 0：不上传 | S106: 模块统计信息 | U106: 寄存器类型=0x04；寄存器数量=15；转发说明=本地设备版本号
A107: 监控系统 | B107: 北向 固件版本号2 2597 3x | H107: 1 | I107: STRING | J107: RO | K107: 30 | L107: (PARA_UNSTOR_UNSET | FLAG_READ_CALLBACK) | M107: property_prtol_3X_2582_2657 | N107: 设备信息 | O107: 2597 | P107: 2597 | Q107: LOCAL_SIG_2597 | R107: 0：不上传 | S107: 模块统计信息 | U107: 寄存器类型=0x04；寄存器数量=15；转发说明=北向 固件版本号22597 3x
... A117: 监控系统 | B117: 北向 固件版本号12 2747 3x | H117: 1 | I117: STRING | J117: RO | K117: 30 | L117: PARA_UNSTOR_UNSET | M117: MPP_NULL_PTR | N117: 设备信息 | O117: 2747 | P117: 2747 | Q117: LOCAL_SIG_2747 | R117: 0：不上传 | S117: 模块统计信息 | U117: 寄存器类型=0x04；寄存器数量=15；转发说明=北向 固件版本号122747 3x
A118: 监控系统 | B118: 北向 属性协议更新流水号5220 3x | H118: 1 | I118: U16 | K118: 2 | L118: PARA_UNSTOR_UNSET | M118: MPP_NULL_PTR | N118: 平台信息 | P118: 5220 | Q118: LOCAL_SIG_5220 | R118: 0：不上传 | S118: 模块统计信息
A119: 监控系统 | B119: 北向 SN序列号5378 3x | H119: 1 | I119: STRING | J119: RO | K119: 20 | L119: PARA_STOR_UNSET_RT | M119: MPP_NULL_PTR | N119: 设备信息 | O119: 2505 | P119: 5378 | Q119: LOCAL_SIG_5378 | R119: 0：不上传 | S119: 模块统计信息 | U119: 寄存器类型=0x04；寄存器数量=10；转发说明=北向 SN2505 3x
A120: 监控系统 | B120: 北向 SN序列号5378 3x | H120: 1 | I120: STRING | J120: RO | K120: 20 | L120: PARA_STOR_UNSET_RT | M120: MPP_NULL_PTR | N120: 设备信息 | O120: 4990 | P120: 5378 | Q120: LOCAL_SIG_5378 | R120: 0：不上传 | S120: 模块统计信息 | U120: 寄存器类型=0x04；寄存器数量=10；转发说明=采用AA10sig_id AA10 SN序列号5378 3x AA0 SN序列号4990 3x
A121: 监控系统 | B121: 北向 SN序列号5378 3x | H121: 1 | I121: STRING | J121: RO | K121: 20 | L121: PARA_STOR_UNSET_RT | M121: MPP_NULL_PTR | N121: 设备信息 | O121: 5378 | P121: 5378 | Q121: LOCAL_SIG_5378 | R121: 0：不上传 | S121: 模块统计信息 | U121: 寄存器类型=0x04；寄存器数量=10；转发说明=北向 SN序列号5378 3x
A122: 监控系统 | B122: 北向 功能枚举5487 3x | H122: 1 | I122: S32 | J122: RO | K122: 4 | L122: PARA_UNSTOR_UNSET | FLAG_READ_CALLBACK | M122: function_enum_3X_5487_5488 | N122: 设备信息 | O122: 5487 | P122: 5487 | Q122: LOCAL_SIG_5487 | R122: 0：不上传 | S122: 模块统计信息 | U122: 寄存器类型=0x04；寄存器数量=2；转发说明=北向 功能枚举5487 3x
A123: 监控系统 | B123: 北向 功能枚举5487 3x | H123: 1 | I123: S32 | J123: RW | K123: 4 | L123: PARA_UNSTOR_UNSET | FLAG_READ_CALLBACK | M123: function_enum_3X_5487_5488 | N123: 设备信息 | O123: 31997 | P123: 5487 | Q123: LOCAL_SIG_5487 | R123: 0：不上传 | S123: 模块统计信息 | U123: 寄存器类型=0x03；寄存器数量=2；转发说明=北向 功能枚举31997 4x
A124: 故障录波系统 | B124: 北向 录波数据导出 30034 4x | H124: 1 | I124: U16 | J124: RW | K124: 2 | L124: (PARA_UNSTOR_UNSET | FLAG_READ_CALLBACK) | M124: fault_record_4X_30034 | N124: 故障录波系统 | O124: 30034 | P124: 30034 | Q124: LOCAL_SIG_30034 | R124: 0：不上传 | S124: 模块统计信息 | U124: 寄存器类型=0x03；寄存器数量=1；转发说明=北向 录波数据导出30034 4x
A125: 故障录波系统 | B125: 北向 设置执行故障录播的DSP地址30098 4x | H125: 1 | I125: U16 | J125: RW | K125: 2 | L125: PARA_UNSTOR_UNSET | M125: MPP_NULL_PTR | N125: 故障录波系统 | O125: 30098 | P125: 30098 | Q125: LOCAL_SIG_30098 | R125: 0：不上传 | S125: 模块统计信息 | U125: 寄存器类型=0x03；寄存器数量=1；转发说明=北向 设置执行故障录播的DSP设备地址30098 4x
A126: 日志系统 | B126: 北向 日志数据导出类型 31999 4x | H126: 1 | I126: U16 | J126: RW | K126: 2 | L126: PARA_UNSTOR_UNSET | M126: log_type_4x_31999 | N126: 日志系统 | O126: 31999 | P126: 31999 | Q126: LOCAL_SIG_31999 | R126: 0：不上传 | S126: 模块统计信息 | U126: 寄存器类型=0x03；寄存器数量=1；转发说明=北向 日志数据导出类型31999 4x
A127: 日志系统 | B127: 北向 功能选择 32000 4x | H127: 1 | I127: U16 | J127: RW | K127: 2 | L127: PARA_UNSTOR_UNSET | M127: log_switch_4x_32000 | N127: 日志系统 | O127: 32000 | P127: 32000 | Q127: LOCAL_SIG_32000 | R127: 0：不上传 | S127: 模块统计信息 | U127: 寄存器类型=0x03；寄存器数量=1；转发说明=北向 功能选择32000 4x
A128: 日志系统 | B128: 北向 日志文件索引 32001 4x | H128: 1 | I128: U32 | J128: RW | K128: 4 | L128: PARA_UNSTOR_UNSET | M128: log_switch_4x_32001 | N128: 日志系统 | O128: 32001 | P128: 32001 | Q128: LOCAL_SIG_32001 | R128: 0：不上传 | S128: 模块统计信息 | U128: 寄存器类型=0x03；寄存器数量=2；转发说明=北向 日志文件索引32001 4x
A129: 日志系统 | B129: 北向 日志有效位2 32003 4x | H129: 1 | I129: U32 | J129: RW | K129: 4 | L129: (PARA_UNSTOR_UNSET | FLAG_READ_CALLBACK) | M129: log_bit_4x_32003 | N129: 日志系统 | O129: 32003 | P129: 32003 | Q129: LOCAL_SIG_32003 | R129: 0：不上传 | S129: 模块统计信息 | U129: 寄存器类型=0x03；寄存器数量=2；转发说明=北向 日志有效位2 32003 4x
A130: 日志系统 | B130: 北向 日志有效位 32005 4x | H130: 1 | I130: U32 | J130: RW | K130: 4 | L130: (PARA_UNSTOR_UNSET | FLAG_READ_CALLBACK) | M130: log_bit_4x_32005 | N130: 日志系统 | O130: 32005 | P130: 32005 | Q130: LOCAL_SIG_32005 | R130: 0：不上传 | S130: 模块统计信息 | U130: 寄存器类型=0x03；寄存器数量=2；转发说明=北向 日志有效位 32005 4x
... A139: 日志系统 | B139: 北向 数据有效长度 4x | H139: 1 | I139: U16 | J139: RW | K139: 2 | L139: PARA_UNSTOR_UNSET | M139: MPP_NULL_PTR | N139: 日志系统 | O139: 32061 | P139: 32061 | Q139: LOCAL_SIG_32061 | R139: 0：不上传 | S139: 模块统计信息 | U139: 寄存器类型=0x03；寄存器数量=1；转发说明=北向 数据有效长度 4x
A140: 监控系统 | B140: 模块负载电压 | G140: V | H140: 0.1 | I140: U16 | J140: RO | K140: 2 | L140: PARA_UNSTOR_UNSET | M140: MPP_NULL_PTR | N140: 模块统计信息 | O140: 43001 | P140: 1001 | Q140: UPM_SIG_LOAD_VOL | R140: 3：CSU进行轮询 | S140: UPM上报信息 | T140: 131 | U140: UPM取前面7个子板的最高电压即可
A141: 监控系统 | B141: 模块负载电流 | G141: A | H141: 0.1 | I141: U16 | J141: RO | K141: 2 | L141: PARA_UNSTOR_UNSET | M141: MPP_NULL_PTR | N141: 模块统计信息 | O141: =O140+(K140/2) -> 43002 | P141: 1002 | Q141: UPM_SIG_LOAD_CUR | R141: 3：CSU进行轮询 | S141: UPM上报信息 | T141: 131 | U141: 取前面7个子板的电流总和
A142: 监控系统 | B142: 电池电压 | G142: V | H142: 0.1 | I142: U16 | J142: RO | K142: 2 | L142: PARA_UNSTOR_UNSET | M142: MPP_NULL_PTR | N142: 模块统计信息 | O142: =O141+(K141/2) -> 43003 | P142: 1003 | Q142: UPM_SIG_BAT_VOL | R142: 3：CSU进行轮询 | S142: UPM上报信息 | T142: 131
A143: 监控系统 | B143: 电池电流 | G143: A | H143: 0.1 | I143: U16 | J143: RO | K143: 2 | L143: PARA_UNSTOR_UNSET | M143: MPP_NULL_PTR | N143: 模块统计信息 | O143: =O142+(K142/2) -> 43004 | P143: 1004 | Q143: UPM_SIG_BAT_CUR | R143: 3：CSU进行轮询 | S143: UPM上报信息 | T143: 131
A144: 监控系统 | B144: 模块交流线电压Uab | G144: V | H144: 0.1 | I144: U16 | J144: RO | K144: 2 | L144: PARA_UNSTOR_UNSET | M144: MPP_NULL_PTR | N144: 模块统计信息 | O144: =O143+(K143/2) -> 43005 | P144: 1005 | Q144: UPM_SIG_UAB_VOL | R144: 3：CSU进行轮询 | S144: UPM上报信息 | T144: 131
A145: 监控系统 | B145: 模块交流线电压Ubc | G145: V | H145: 0.1 | I145: U16 | J145: RO | K145: 2 | L145: PARA_UNSTOR_UNSET | M145: MPP_NULL_PTR | N145: 模块统计信息 | O145: =O144+(K144/2) -> 43006 | P145: 1006 | Q145: UPM_SIG_UBC_VOL | R145: 3：CSU进行轮询 | S145: UPM上报信息 | T145: 131
A146: 监控系统 | B146: 模块交流线电压Uca | G146: V | H146: 0.1 | I146: U16 | J146: RO | K146: 2 | L146: PARA_UNSTOR_UNSET | M146: MPP_NULL_PTR | N146: 模块统计信息 | O146: =O145+(K145/2) -> 43007 | P146: 1007 | Q146: UPM_SIG_UCA_VOL | R146: 3：CSU进行轮询 | S146: UPM上报信息 | T146: 131
A147: 监控系统 | B147: 交流频率 | G147: Hz | H147: 0.1 | I147: U16 | J147: RO | K147: 2 | L147: PARA_UNSTOR_UNSET | M147: MPP_NULL_PTR | N147: 模块统计信息 | O147: =O146+(K146/2) -> 43008 | P147: 1008 | Q147: UPM_SIG_AC_FREQ | R147: 3：CSU进行轮询 | S147: UPM上报信息 | T147: 131
A148: 监控系统 | B148: 模块温度 | G148: ℃ | H148: 0.1 | I148: U16 | J148: RO | K148: 2 | L148: PARA_UNSTOR_UNSET | M148: MPP_NULL_PTR | N148: 模块统计信息 | O148: =O147+(K147/2) -> 43009 | P148: 1009 | Q148: UPM_SIG_TEMP | R148: 3：CSU进行轮询 | S148: UPM上报信息 | T148: 131
A149: 监控系统 | B149: 子板供电方式 | C149: bit0 - cell1 0-AC 1-DC bit1 - cell2 0-AC 1-DC bit2 - cell3 0-AC 1-DC bit3 - cell4 0-AC 1-DC bit4 - cell50-AC 1-DC bit5 - cell6 0-AC 1-DC bit6 - cell7 0-AC 1-DC bit7 - cell8 0-AC 1-DC | I149: U16 | J149: RO | K149: 2 | L149: PARA_UNSTOR_UNSET | M149: MPP_NULL_PTR | N149: 模块统计信息 | O149: =O148+(K148/2) -> 43010 | P149: 1010 | Q149: UPM_SIG_POWER_MODE_STATE | R149: 3：CSU进行轮询 | S149: UPM状态信息 | T149: 132
A150: 监控系统 | B150: 子板开关机状态 | C150: bit0- cell1 0-关机 1-开机 bit1 - cell2 0-关机 1-开机 bit2- cell3 0-关机 1-开机 bit3 - cell4 0-关机 1-开机 bit4- cell5 0-关机 1-开机 bit5 - cell6 0-关机 1-开机 bit6- cell7 0-关机 1-开机 bit7 - cell8 0-关机 1-开机 | I150: U16 | J150: RO | K150: 2 | L150: PARA_UNSTOR_UNSET | M150: MPP_NULL_PTR | N150: 模块统计信息 | O150: =O149+(K149/2) -> 43011 | P150: 1011 | Q150: UPM_SIG_POWER_ OFF_STATE | R150: 3：CSU进行轮询 | S150: UPM状态信息 | T150: 132
A151: 监控系统 | B151: 子板休眠状态 | C151: bit0- cell1 0-工作 bit1 - cell2 0-工作 1-休眠 bit2- cell3 0-工作 1-休眠 bit3 - cell4 0-工作 1-休眠 bit4- cell5 0-工作 1-休眠 bit5 - cell6 0-工作 1-休眠 bit6- cell7 0-工作 1-休眠 bit7 - cell8 0-工作 1-休眠 | I151: U16 | J151: RO | K151: 2 | L151: PARA_UNSTOR_UNSET | M151: MPP_NULL_PTR | N151: 模块统计信息 | O151: =O150+(K150/2) -> 43012 | P151: 1012 | Q151: UPM_SIG_SLEEP_STATE | R151: 3：CSU进行轮询 | S151: UPM状态信息 | T151: 132
A152: 监控系统 | B152: 模块故障1模块故障1 | C152: bit0 - 模块故障 bit1 -模块均流故障 bit2 -模块风扇故障 bit3 -模块过温 bit4-限流限功率 | I152: U32 | J152: RO | K152: 4 | L152: PARA_UNSTOR_UNSET | M152: MPP_NULL_PTR | N152: 模块统计信息 | O152: =O151+(K151/2) -> 43013 | P152: 1013 | Q152: UPM_SIG_FAULT_STATE1 | R152: 3：CSU进行轮询 | S152: UPM状态信息 | T152: 132
A153: 监控系统 | B153: 模块交流故障 | C153: bit0 -模块交流线电压Uab高 bit1 -模块交流线电压Ubc高 bit2 -模块交流线电压Uca高 bit3 -模块交流线电压Uab低 bit4 -模块交流线电压Ubc低 bit5 -模块交流线电压Uca低 bit6 -模块交流中断 bit7 -模块交流频率高 bit8 -模块交流频率低 | I153: U16 | J153: RO | K153: 2 | L153: PARA_UNSTOR_UNSET | M153: MPP_NULL_PTR | N153: 模块统计信息 | O153: =O152+(K152/2) -> 43015 | P153: 1014 | Q153: UPM_SIG_AC_FAULT_STATE | R153: 3：CSU进行轮询 | S153: UPM状态信息 | T153: 132
A154: 监控系统 | B154: 子板故障状态 | C154: bit0- cell1 0-正常 1-故障 bit1 - cell2 0-正常 1-故障 bit2- cell3 0-正常 1-故障 bit3 - cell4 0-正常 1-故障 bit4- cell5 0-正常 1-故障 bit5 - cell6 0-正常 1-故障 bit6- cell7 0-正常 1-故障 bit7 - cell8 0-正常 1-故障 | I154: U16 | J154: RO | K154: 2 | L154: PARA_UNSTOR_UNSET | M154: MPP_NULL_PTR | N154: 模块统计信息 | O154: =O153+(K153/2) -> 43016 | P154: 1015 | Q154: UPM_SIG_SUB_BOARD_FAULT_STATE | R154: 3：CSU进行轮询 | S154: UPM状态信息 | T154: 132
A155: 监控系统 | B155: 负载输出电压设置 | D155: 270 | G155: V | H155: 0.1 | I155: U16 | J155: RW | K155: 2 | L155: PARA_UNSTOR_UNSET | M155: MPP_NULL_PTR | N155: 模块统计信息 | O155: =O154+(K154/2) -> 43017 | P155: 1016 | Q155: UPM_SIG_LOAD_VOL_SET | R155: 3：CSU进行轮询 | S155: UPM设置参数 | T155: 133
A156: 监控系统 | B156: 负载输出限流值 | D156: 100 | G156: A | H156: 0.1 | I156: U16 | J156: RW | K156: 2 | L156: PARA_UNSTOR_UNSET | M156: MPP_NULL_PTR | N156: 模块统计信息 | O156: =O155+(K155/2) -> 43018 | P156: 1017 | Q156: UPM_SIG_LOAD_CUR_SET | R156: 3：CSU进行轮询 | S156: UPM设置参数 | T156: 133
A157: 监控系统 | B157: 负载输出电压缺省值 | D157: 270 | G157: V | H157: 0.1 | I157: U16 | J157: RW | K157: 2 | L157: PARA_UNSTOR_UNSET | M157: MPP_NULL_PTR | N157: 模块统计信息 | O157: =O156+(K156/2) -> 43019 | P157: 1018 | Q157: UPM_SIG_LOAD_DEFAULT_VOL | R157: 3：CSU进行轮询 | S157: UPM设置参数 | T157: 133
A158: 监控系统 | B158: 电池电压设置 | D158: 270 | G158: V | H158: 0.1 | I158: U16 | J158: RW | K158: 2 | L158: PARA_UNSTOR_UNSET | M158: MPP_NULL_PTR | N158: 模块统计信息 | O158: =O157+(K157/2) -> 43020 | P158: 1019 | Q158: UPM_SIG_BAT_VOL_SET | R158: 3：CSU进行轮询 | S158: UPM设置参数 | T158: 133
...

Sheet CSU-UPM采集数据
A1: 数据来源 | B1: 数据定义 | C1: ENMU | D1: 数据类型 | E1: 离散值逻辑 | F1: 数据 长度 | G1: 默认值 | H1: 数据上限 | I1: 数据下限 | J1: 单位 | K1: 读写 权限 | L1: 精度 | M1: 数据上传 等级 | N1: UPP模型 名称 | O1: UPP地址 | P1: UPP偏移 | Q1: arm 配置参数 | R1: UPP 轮询间隔 | S1: 设置 优先级 | T1: 轮询 优先级 | U1: 回调函数 | V1: signID | W1: modbus 地址 | X1: 备注
A2: UPM | B2: 模块负载电压 | C2: UPM_SIG_LOAD_VOL | D2: U16 | F2: 2 | J2: V | K2: RO | L2: 0.1 | M2: 3：CSU进行轮询 | N2: UPM上报信息 | O2: 131 | P2: 6 | Q2: 0 | R2: 1 | S2: 0 | T2: 0 | U2: NULL | V2: 2001
A3: UPM | B3: 模块负载电流 | C3: UPM_SIG_LOAD_CUR | D3: U16 | F3: 2 | J3: A | K3: RO | L3: 0.1 | M3: 3：CSU进行轮询 | N3: UPM上报信息 | O3: 131 | P3: 8 | Q3: 0 | R3: 1 | S3: 0 | T3: 0 | U3: NULL | V3: 2002
A4: UPM | B4: 电池电压 | C4: UPM_SIG_BAT_VOL | D4: U16 | F4: 2 | J4: V | K4: RO | L4: 0.1 | M4: 3：CSU进行轮询 | N4: UPM上报信息 | O4: 131 | P4: 10 | Q4: 0 | R4: 1 | S4: 0 | T4: 0 | U4: NULL | V4: 2003
A5: UPM | B5: 电池电流 | C5: UPM_SIG_BAT_CUR | D5: U16 | F5: 2 | J5: A | K5: RO | L5: 0.1 | M5: 3：CSU进行轮询 | N5: UPM上报信息 | O5: 131 | P5: 12 | Q5: 0 | R5: 1 | S5: 0 | T5: 0 | U5: NULL | V5: 2004
A6: UPM | B6: 模块交流线电压Uab | C6: UPM_SIG_UAB_VOL | D6: U16 | F6: 2 | J6: V | K6: RO | L6: 0.1 | M6: 3：CSU进行轮询 | N6: UPM上报信息 | O6: 131 | P6: 14 | Q6: 0 | R6: 1 | S6: 0 | T6: 0 | U6: NULL | V6: 2005
A7: UPM | B7: 模块交流线电压Ubc | C7: UPM_SIG_UBC_VOL | D7: U16 | F7: 2 | J7: V | K7: RO | L7: 0.1 | M7: 3：CSU进行轮询 | N7: UPM上报信息 | O7: 131 | P7: 16 | Q7: 0 | R7: 1 | S7: 0 | T7: 0 | U7: NULL | V7: 2006
A8: UPM | B8: 模块交流线电压Uca | C8: UPM_SIG_UCA_VOL | D8: U16 | F8: 2 | J8: V | K8: RO | L8: 0.1 | M8: 3：CSU进行轮询 | N8: UPM上报信息 | O8: 131 | P8: 18 | Q8: 0 | R8: 1 | S8: 0 | T8: 0 | U8: NULL | V8: 2007
A9: UPM | B9: 交流频率 | C9: UPM_SIG_AC_FREQ | D9: U16 | F9: 2 | J9: Hz | K9: RO | L9: 0.1 | M9: 3：CSU进行轮询 | N9: UPM上报信息 | O9: 131 | P9: 20 | Q9: 0 | R9: 1 | S9: 0 | T9: 0 | U9: NULL | V9: 2008
A10: UPM | B10: 模块温度 | C10: UPM_SIG_TEMP | D10: U16 | F10: 2 | J10: ℃ | K10: RO | L10: 0.1 | M10: 3：CSU进行轮询 | N10: UPM上报信息 | O10: 131 | P10: 22 | Q10: 0 | R10: 1 | S10: 0 | T10: 0 | U10: NULL | V10: 2009
A11: UPM | B11: 子板供电方式 | C11: UPM_SIG_POWER_MODE_STATE | D11: U16 | E11: bit0 - cell1 0-AC 1-DC bit1 - cell2 0-AC 1-DC bit2 - cell3 0-AC 1-DC bit3 - cell4 0-AC 1-DC bit4 - cell50-AC 1-DC bit5 - cell6 0-AC 1-DC bit6 - cell7 0-AC 1-DC bit7 - cell8 0-AC 1-DC | F11: 2 | K11: RO | M11: 3：CSU进行轮询 | N11: UPM状态信息 | O11: 132 | P11: 6 | Q11: 0 | R11: 1 | S11: 0 | T11: 0 | U11: NULL | V11: 2501
A12: UPM | B12: 子板开关机状态 | C12: UPM_SIG_POWER_ OFF_STATE | D12: U16 | E12: bit0- cell1 0-关机 1-开机 bit1 - cell2 0-关机 1-开机 bit2- cell3 0-关机 1-开机 bit3 - cell4 0-关机 1-开机 bit4- cell5 0-关机 1-开机 bit5 - cell6 0-关机 1-开机 bit6- cell7 0-关机 1-开机 bit7 - cell8 0-关机 1-开机 | F12: 2 | K12: RO | M12: 3：CSU进行轮询 | N12: UPM状态信息 | O12: 132 | P12: 8 | Q12: 0 | R12: 1 | S12: 0 | T12: 0 | U12: NULL | V12: 2502
A13: UPM | B13: 子板休眠状态 | C13: UPM_SIG_SLEEP_STATE | D13: U16 | E13: bit0- cell1 0-工作 bit1 - cell2 0-工作 1-休眠 bit2- cell3 0-工作 1-休眠 bit3 - cell4 0-工作 1-休眠 bit4- cell5 0-工作 1-休眠 bit5 - cell6 0-工作 1-休眠 bit6- cell7 0-工作 1-休眠 bit7 - cell8 0-工作 1-休眠 | F13: 2 | K13: RO | M13: 3：CSU进行轮询 | N13: UPM状态信息 | O13: 132 | P13: 10 | Q13: 0 | R13: 1 | S13: 0 | T13: 0 | U13: NULL | V13: 2503
A14: UPM | B14: 模块故障1模块故障1 | C14: UPM_SIG_FAULT_STATE1 | D14: U32 | E14: bit0 - 模块故障 bit1 -模块均流故障 bit2 -模块风扇故障 bit3 -模块过温 bit4-限流限功率 | F14: 4 | K14: RO | M14: 3：CSU进行轮询 | N14: UPM状态信息 | O14: 132 | P14: 12 | Q14: 0 | R14: 1 | S14: 0 | T14: 0 | U14: NULL | V14: 2504 | X14: 或关系
A15: UPM | B15: 模块交流故障 | C15: UPM_SIG_AC_FAULT_STATE | D15: U16 | E15: bit0 -模块交流线电压Uab高 bit1 -模块交流线电压Ubc高 bit2 -模块交流线电压Uca高 bit3 -模块交流线电压Uab低 bit4 -模块交流线电压Ubc低 bit5 -模块交流线电压Uca低 bit6 -模块交流中断 bit7 -模块交流频率高 bit8 -模块交流频率低 | F15: 2 | K15: RO | M15: 3：CSU进行轮询 | N15: UPM状态信息 | O15: 132 | P15: 16 | Q15: 0 | R15: 1 | S15: 0 | T15: 0 | U15: NULL | V15: 2505 | X15: 交流信息由UPM判断故障和非故障
A16: UPM | B16: 子板故障状态 | C16: UPM_SIG_SUB_BOARD_FAULT_STATE | D16: U16 | E16: bit0- cell1 0-正常 1-故障 bit1 - cell2 0-正常 1-故障 bit2- cell3 0-正常 1-故障 bit3 - cell4 0-正常 1-故障 bit4- cell5 0-正常 1-故障 bit5 - cell6 0-正常 1-故障 bit6- cell7 0-正常 1-故障 bit7 - cell8 0-正常 1-故障 | F16: 2 | K16: RO | M16: 3：CSU进行轮询 | N16: UPM状态信息 | O16: 132 | P16: 18 | Q16: 0 | R16: 1 | S16: 0 | T16: 0 | U16: NULL | V16: 2506
A17: UPM | B17: 负载输出电压设置 | C17: UPM_SIG_LOAD_VOL_SET | D17: U16 | F17: 2 | G17: 270 | J17: V | K17: RW | L17: 0.1 | M17: 3：CSU进行轮询 | N17: UPM设置参数 | O17: 133 | P17: 6 | Q17: 0 | R17: 30 | S17: 0 | T17: 0 | U17: NULL | V17: 3001
A18: UPM | B18: 负载输出限流值 | C18: UPM_SIG_LOAD_CUR_SET | D18: U16 | F18: 2 | G18: 100 | J18: A | K18: RW | L18: 0.1 | M18: 3：CSU进行轮询 | N18: UPM设置参数 | O18: 133 | P18: 8 | Q18: 0 | R18: 30 | S18: 0 | T18: 0 | U18: NULL | V18: 3002
A19: UPM | B19: 负载输出电压缺省值 | C19: UPM_SIG_LOAD_DEFAULT_VOL | D19: U16 | F19: 2 | G19: 270 | J19: V | K19: RW | L19: 0.1 | M19: 3：CSU进行轮询 | N19: UPM设置参数 | O19: 133 | P19: 10 | Q19: 0 | R19: 30 | S19: 0 | T19: 0 | U19: NULL | V19: 3003
A20: UPM | B20: 电池电压设置 | C20: UPM_SIG_BAT_VOL_SET | D20: U16 | F20: 2 | G20: 270 | J20: V | K20: RW | L20: 0.1 | M20: 3：CSU进行轮询 | N20: UPM设置参数 | O20: 133 | P20: 12 | Q20: 0 | R20: 30 | S20: 0 | T20: 0 | U20: NULL | V20: 3004 | X20: 不做广播
A21: UPM | B21: 电池限流设置 | C21: UPM_SIG_BAT_CUR_SET | D21: U16 | F21: 2 | G21: 10 | J21: A | K21: RW | L21: 0.1 | M21: 3：CSU进行轮询 | N21: UPM设置参数 | O21: 133 | P21: 14 | Q21: 0 | R21: 30 | S21: 0 | T21: 0 | U21: NULL | V21: 3005 | X21: 不做广播
A22: UPM | B22: 电池输出点电压缺省值 | C22: UPM_SIG_BAT_DEFAULT_VOL | D22: U16 | F22: 2 | G22: 270 | J22: V | K22: RW | L22: 0.1 | M22: 3：CSU进行轮询 | N22: UPM设置参数 | O22: 133 | P22: 16 | Q22: 0 | R22: 30 | S22: 0 | T22: 0 | U22: NULL | V22: 3006
A23: UPM | B23: 模块交流过压值 | C23: UPM_SIG_AC_OVER_VOL | D23: U16 | F23: 2 | G23: 420 | J23: V | K23: RW | L23: 0.1 | M23: 3：CSU进行轮询 | N23: UPM设置参数 | O23: 133 | P23: 18 | Q23: 0 | R23: 30 | S23: 0 | T23: 0 | U23: NULL | V23: 3007
A24: UPM | B24: 模块交流欠压值 | C24: UPM_SIG_AC_UNDER_VOL | D24: U16 | F24: 2 | G24: 370 | J24: V | K24: RW | L24: 0.1 | M24: 3：CSU进行轮询 | N24: UPM设置参数 | O24: 133 | P24: 20 | Q24: 0 | R24: 30 | S24: 0 | T24: 0 | U24: NULL | V24: 3008
A25: UPM | B25: 模块交流失压值 | C25: UPM_SIG_AC_NONE_VOL | D25: U16 | F25: 2 | G25: 170 | J25: V | K25: RW | L25: 0.1 | M25: 3：CSU进行轮询 | N25: UPM设置参数 | O25: 133 | P25: 22 | Q25: 0 | R25: 30 | S25: 0 | T25: 0 | U25: NULL | V25: 3009
A26: UPM | B26: 模块交流频率高门限值 | C26: UPM_SIG_AC_OVER_FREQ | D26: U16 | F26: 2 | G26: 70 | J26: Hz | K26: RW | L26: 0.1 | M26: 3：CSU进行轮询 | N26: UPM设置参数 | O26: 133 | P26: 24 | Q26: 0 | R26: 30 | S26: 0 | T26: 0 | U26: NULL | V26: 3010
A27: UPM | B27: 模块交流频率低门限值 | C27: UPM_SIG_AC_UNDER_FREQ | D27: U16 | F27: 2 | G27: 40 | J27: Hz | K27: RW | L27: 0.1 | M27: 3：CSU进行轮询 | N27: UPM设置参数 | O27: 133 | P27: 26 | Q27: 0 | R27: 30 | S27: 0 | T27: 0 | U27: NULL | V27: 3011
A28: UPM | B28: 开关机动作 | C28: UPM_SIG_POWER_OFF_CTRL | D28: U16 | E28: bit0 -cell1 0-开机 1-关机 bit1 -cell2 0-开机 1-关机 bit2 -cell3 0-开机 1-关机 bit3 -cell4 0-开机 1-关机 bit4 -cell5 0-开机 1-关机 bit5 -cell6 0-开机 1-关机 bit6 -cell7 0-开机 1-关机 bit7 -cell8 0-开机 1-关机 | F28: 2 | K28: RW | M28: 3：CSU进行轮询 | N28: UPM动作参数 | O28: 134 | P28: 6 | Q28: 0 | R28: 0 | S28: 0 | T28: 0 | U28: NULL | V28: 3501
A29: UPM | B29: 休眠动作 | C29: UPM_SIG_SLEEP_CTRL | D29: U16 | E29: bit0 -cell1 默认不允许参加休眠 bit1 -cell2 0-正常 1-休眠 bit2 -cell3 0-正常 1-休眠 bit3 -cell4 0-正常 1-休眠 bit4 -cell5 0-正常 1-休眠 bit5 -cell6 0-正常 1-休眠 bit6 -cell7 0-正常 1-休眠 bit7 -cell8 0-正常 1-休眠 | F29: 2 | K29: RW | M29: 3：CSU进行轮询 | N29: UPM动作参数 | O29: 134 | P29: 8 | Q29: 0 | R29: 0 | S29: 0 | T29: 0 | U29: NULL | V29: 3502
A30: UPM | B30: 子板供电动作 | C30: UPM_SIG_POWER_MODE_CTRL | D30: U16 | E30: bit0 - cell1 0-AC 1-DC bit1 - cell2 0-AC 1-DC bit2 - cell3 0-AC 1-DC bit3 - cell4 0-AC 1-DC bit4 - cell50-AC 1-DC bit5 - cell6 0-AC 1-DC bit6 - cell7 0-AC 1-DC bit7 - cell8 0-AC 1-DC | F30: 2 | K30: RW | M30: 3：CSU进行轮询 | N30: UPM动作参数 | O30: 134 | P30: 10 | Q30: 0 | R30: 0 | S30: 0 | T30: 0 | U30: NULL | V30: 3503
A31: CSU | B31: 模块交流空开状态 | C31: UPM_SIG_AC_SWITCH_STATE | D31: U16 | E31: 1=闭合;2=断开;3=跳闸 | F31: 2 | K31: RW | N31: CSU本地处理 | V31: 2010
A32: CSU | B32: 模块交流空开断开 | C32: UPM_SIG_AC_SWITCH_OFF | D32: U16 | E32: 1=告警;0=正常 | F32: 2 | K32: RW | N32: CSU本地处理 | V32: 2011
A33: CSU | B33: 模块状态 | C33: UPM_SIG_STATE | D33: U16 | E33: 0：正常 1：限流 2：限功率 3：关机 4：故障 5：通讯中断 6：未安装 7：休眠 8：过温 9：风扇故障 10：电池不在位 | F33: 2 | K33: RW | N33: CSU本地处理 | V33: 2012
A34: CSU | B34: 模块运行状态 | C34: UPM_SIG_RUN_STATE | D34: U16 | E34: bit0 - 模块故障 0 -告警1-正常 bit1 -开关机状态 0 -关机1-开机 bit2-模块通信故障 0-告警 1-正常 | F34: 2 | K34: RW | N34: CSU本地处理 | V34: 2013
A35: CSU | B35: 模块输出正极熔断器状态 | C35: UPM_SIG_OUTPUT_POS_FUSE_STATE | D35: U16 | E35: 1=告警;0=正常 | F35: 2 | K35: RO | N35: CSU本地处理 | V35: 2014
A36: CSU | B36: 模块输出负极熔断器状态 | C36: UPM_SIG_OUTPUT_NEG_FUSE_STATE | D36: U16 | E36: 1=告警;0=正常 | F36: 2 | K36: RO | N36: CSU本地处理 | V36: 2015
A37: CSU | B37: 模块电池正极熔断器状态 | C37: UPM_SIG_BAT_POS_FUSE_STATE | D37: U16 | E37: 1=告警;0=正常 | F37: 2 | K37: RO | N37: CSU本地处理 | V37: 2016

Sheet CSU-UPM手动配置数据
A1: 数据定义 | B1: ENMU | C1: arm 配置参数 | D1: UPP 轮询间隔 | E1: 设置 优先级 | F1: 轮询 优先级 | G1: 回调函数 | H1: signID | I1: modbus 地址 | J1: 备注 | K1: =COUNTA(A2:A438) -> 38
A2: 固件版本号版本 | B2: ParamProductType | C2: 0 | D2: 205 | E2: 0 | F2: 0 | G2: NULL | H2: 2582
A3: 机器型号 | B3: ParamProductCode | C3: 0 | D3: 205 | E3: 0 | F3: 0 | G3: NULL | H3: 2516
A4: 机器版本号 | B4: ParamClientCode | C4: 0 | D4: 205 | E4: 0 | F4: 0 | G4: NULL | H4: 2524
A5: 序列号 | B5: ParamVehicleType | C5: 0 | D5: 205 | E5: 0 | F5: 0 | G5: NULL | H5: 14
A6: 机器型号编码 | B6: ParamType | C6: 0 | D6: 205 | E6: 0 | F6: 0 | G6: NULL | H6: 2515
A7: 设备类型编码 | B7: ParamMatrilCode | C7: 0 | D7: 205 | E7: 0 | F7: 0 | G7: NULL | H7: 1481
A8: DCDC任务级故障字1 | B8: DcdcTskFwFltFlg1 | C8: 0 | D8: 3 | E8: 0 | F8: 0 | G8: NULL | H8: 1007
A9: DCDC任务级故障字2 | B9: DcdcTskFwFltFlg2 | C9: 0 | D9: 3 | E9: 0 | F9: 0 | G9: NULL | H9: 1008
A10: DCDC任务级故障字3 | B10: DcdcTskFwFltFlg3 | C10: 0 | D10: 3 | E10: 0 | F10: 0 | G10: NULL | H10: 1009
A11: DCDC任务级故障字4 | B11: DcdcTskFwFltFlg4 | C11: 0 | D11: 3 | E11: 0 | F11: 0 | G11: NULL | H11: 1010
A12: DCDC任务级告警字1 | B12: DcdcTskWarnFltFlg1 | C12: 0 | D12: 3 | E12: 0 | F12: 0 | G12: NULL | H12: 1011
A13: DCDC任务级告警字2 | B13: DcdcTskWarnFltFlg2 | C13: 0 | D13: 3 | E13: 0 | F13: 0 | G13: NULL | H13: 1012
... A39: 电网频率 | B39: GridFrequency | C39: 0 | D39: 3 | E39: 0 | F39: 0 | G39: NULL | H39: 1038

Sheet CSU本地处理
B1: 数据定义 | C1: ENMU | D1: 数据类型 | E1: 离散值逻辑 | F1: 数据 长度 | G1: signID | H1: 默认值 | I1: 数据上限 | J1: 数据下限 | K1: 单位 | L1: 读写 权限 | M1: 精度 | N1: 数据上传 等级 | O1: UPP模型 名称 | P1: UPP地址 | Q1: UPP偏移 | R1: arm 配置参数 | S1: UPP 轮询间隔 | T1: 设置 优先级 | U1: 轮询 优先级 | V1: 回调函数 | W1: signID | X1: modbus 地址 | Y1: 备注
B2: 设备转发地址 | D2: U16 | F2: 2 | H2: 0 | I2: 65535 | J2: 0 | V2: NULL | X2: 45 | Z2: 99
B3: 平台软件发布版本 | D3: U16 | F3: 2
B4: 平台软件构建版本 | D4: U16 | F4: 2
B5: 平台软件补丁版本 | D5: U16 | F5: 2
B6: 设备序列号 | D6: U16 | F6: 2
B7: 串口1波特率 | D7: U16 | F7: 2
B8: 串口1奇偶校验 | D8: U16 | F8: 2
B9: 串口1停止位 | D9: U16 | F9: 2
B10: 串口2波特率
B11: 串口2奇偶校验 | D11: U16 | F11: 2
B12: 串口2停止位 | D12: U16
B13: 串口3波特率 | D13: U16
B14: 串口3奇偶校验 | D14: U16
B15: 串口3停止位 | D15: U16
B16: 以太网DHCP使能开关 | D16: U16
B17: 以太网IP
B18: 以太网子网掩码
B19: 以太网网关
B20: 以太网DNS1 | D20: U16
B21: 以太网DNS2 | D21: U16
B22: dsp的数量规格,修改该测点需要保证所有设备已经关机 | D22: U16
B23: 查询DSP在线状态 | D23: U16
B24: 查询DSP在线状态 | D24: U16
B25: 查询DSP在线状态 | D25: U16
B26: NTP服务器 | D26: U16 | F26: 2 | H26: 70
B27: NTP对时时间间隔 单位:秒 | D27: U16 | F27: 2 | H27: 30
B28: NTP对时成功时间 | D28: U16
B29: 未绑定的DSP数量
B30: DSP设备SN数据池-SN1
B31: DSP设备SN数据池-SN2
B32: DSP设备SN数据池-SN3
B33: DSP设备SN数据池-SN4
B34: DSP设备SN数据池-SN5
B35: DSP设备SN数据池-SN6
B36: DSP设备SN数据池-SN7
B37: DSP设备SN数据池-SN8
B38: DSP设备SN数据池-SN9
B39: DSP设备SN数据池-SN10
B40: DSP设备SN数据池-SN11
... B137: 序列号
B140: 温度采样个数 | D140: U16 | F140: 2 | G140: 44001 | H140: 14 | I140: 18 | J140: 0
B141: 设置风扇个数 | D141: U16 | F141: 2 | G141: 44002 | H141: 4 | I141: 8 | J141: 0
B142: 风扇额定转速 | D142: U16 | F142: 2 | G142: 44003 | H142: 1650 | I142: 65535 | J142: 0
B143: 变压器温度告警门限值 | D143: U16 | F143: 2 | G143: 44004 | H143: 100 | I143: 250 | J143: 0
B144: 变压器温度保护门限值 | D144: U16 | F144: 2 | G144: 44005 | H144: 130 | I144: 300 | J144: 100
B145: 风机温度上限 | D145: U16 | F145: 2 | G145: 44006 | H145: 60 | I145: 500 | J145: 30
B146: 风机温度下限 | D146: U16 | F146: 2 | G146: 44007 | H146: 30 | I146: 60 | J146: 0
B147: 温度控制系数 | D147: U16 | F147: 2 | G147: 44008 | H147: 2 | I147: 10 | J147: 0
B148: 原边线圈温差过大门限值 | D148: U16 | F148: 2 | G148: 44009 | H148: 15 | I148: 50 | J148: 1
B149: 副边线圈温差过大门限值 | D149: U16 | F149: 2 | G149: 44010 | H149: 15 | I149: 50 | J149: 1
B151: 变压器温度通道配置1 | E151: 0-未使用 1-A相原边线圈绕组温度1 2- A相原边线圈绕组温度2 3- B相原边线圈绕组温度1 4-B相原边线圈绕组温度2 5-C相原边线圈绕组温度1 6 -C相原边线圈绕组温度2 7-变压器原边铁芯温度 8- A相副边线圈绕组温度1 9-A相副边线圈绕组温度2 10- B相副边线圈绕组温度1 11- B相副边线圈绕组温度2 12- C相副边线圈绕组温度1 13- C相副边线圈绕组温度2 14- 变压器副边铁芯温度 15-自定义温度1 16-自定义温度2 17-自定义温度3 18-自定义温度4 19-自定义温度5 20-自定义温度6 21- 自定义温度7 | G151: 44051
B152: 变压器温度通道配置2 | E152: 同上 | G152: 44052
B153: 变压器温度通道配置3 | E153: 同上 | G153: 44053
B154: 变压器温度通道配置4 | E154: 同上 | G154: 44054
B155: 变压器温度通道配置5 | E155: 同上 | G155: 44055
B156: 变压器温度通道配置6 | E156: 同上 | G156: 44056
B157: 变压器温度通道配置7 | E157: 同上 | G157: 44057
B158: 变压器温度通道配置8 | E158: 同上 | G158: 44058
B159: 变压器温度通道配置9 | E159: 同上 | G159: 44059
B160: 变压器温度通道配置10 | E160: 同上 | G160: 44060
B161: 变压器温度通道配置11 | E161: 同上 | G161: 44061
B162: 变压器温度通道配置12 | E162: 同上 | G162: 44062
... B181: 变压器DI通道配置10 | E181: 同上 | G181: 44081
B186: A相原边线圈绕组温度1 | D186: S16 | F186: 2 | G186: 44100
B187: A相原边线圈绕组温度2 | D187: S16 | F187: 2 | G187: 44101
B188: B相原边线圈绕组温度1 | D188: S16 | F188: 2 | G188: 44102
B189: B相原边线圈绕组温度2 | D189: S16 | F189: 2 | G189: 44103
B190: C相原边线圈绕组温度1 | D190: S16 | F190: 2 | G190: 44104
B191: C相原边线圈绕组温度2 | D191: S16 | F191: 2 | G191: 44105
B192: 变压器原边铁芯温度 | D192: S16 | F192: 2 | G192: 44106
B193: A相副边线圈绕组温度1 | D193: S16 | F193: 2 | G193: 44107
B194: A相副边线圈绕组温度2 | D194: S16 | F194: 2 | G194: 44108
B195: B相副边线圈绕组温度1 | D195: S16 | F195: 2 | G195: 44109
B196: B相副边线圈绕组温度2 | D196: S16 | F196: 2 | G196: 44110
B197: C相副边线圈绕组温度1 | D197: S16 | F197: 2 | G197: 44111
... B206: 预留温度测点 | D206: S16 | F206: 2 | G206: 44120
B207: 风扇空开状态 | D207: U16 | E207: bit0-风扇1空开断开 0 断开 1闭合 bit1-风扇2空开断开 0 断开 1闭合 bit2-风扇3空开断开 0 断开 1闭合 bit3-风扇4空开断开0 断开 1闭合 bit3-风扇5空开断开0 断开 1闭合 bit4-风扇6空开断开0 断开 1闭合 bit5-风扇7空开断开0 断开 1闭合 bi6-风扇8空开断开0 断开 1闭合 | F207: 2 | G207: 44121
B208: 风扇跳闸状态 | D208: U16 | E208: bit0-风扇1跳闸故障 0 告警 1正常 bit1-风扇2跳闸故障 0 告警 1正常 bit2-风扇3跳闸故障 0 告警 1正常 bit3-风扇4跳闸故障 0 告警 1正常 bit4-风扇1跳闸故障 0 告警 1正常 bit5-风扇2跳闸故障 0 告警 1正常 bit6-风扇3跳闸故障 0 告警 1正常 bit7-风扇4跳闸故障 0 告警 1正常 | F208: 2 | G208: 44122
B209: 变压器柜门 | D209: U16 | E209: 0-闭合 1-打开 | F209: 2 | G209: 44123
B210: 风扇1转速（RPM） | D210: U16 | F210: 2 | G210: 44124
B211: 风扇2转速（RPM） | D211: U16 | F211: 2 | G211: 44125
B212: 风扇3转速（RPM） | D212: U16 | F212: 2 | G212: 44126
B213: 风扇4转速（RPM） | D213: U16 | F213: 2 | G213: 44127
B214: 风扇5转速（RPM） | D214: U16 | F214: 2 | G214: 44128
B215: 风扇6转速（RPM） | D215: U16 | F215: 2 | G215: 44129
B216: 风扇7转速（RPM） | D216: U16 | F216: 2 | G216: 44130
B217: 风扇8转速（RPM） | D217: U16 | F217: 2 | G217: 44131
B218: 风扇1转速（%） | D218: U16 | F218: 2 | G218: 44132
B219: 风扇2转速（%） | D219: U16 | F219: 2 | G219: 44133
B220: 风扇3转速（%） | D220: U16 | F220: 2 | G220: 44134
B221: 风扇4转速（%） | D221: U16 | F221: 2 | G221: 44135
... B225: 风扇8转速（%） | D225: U16 | F225: 2 | G225: 44139
B226: 变压器温度采样异常 | D226: U32 | E226: bit0 -A-1原边采样异常 0 -正常 1-异常 bit1 -A-2原边采样异常 bit2 -B-1原边采样异常 bit3 -B-2原边采样异常 bit4 -C-1原边采样异常 bit5 -C-2原边采样异常 bit6 -原边铁芯温度采样异常 bit7 -A-1副边采样异常 bit8 -A-2副边采样异常 bit9 -B-1副边采样异常 bit10 -B-2副边采样异常 bit11 -C-1副边采样异常 bit12 -C-2副边采样异常 bit13 -副边铁芯温度采样异常 bit14-预留 0 -正常 1-异常 bit15 预留 0 -正常 1-异常 bit16 预留 0 -正常 1-异常 bit17 预留 0 -正常 1-异常 | F226: 4 | G226: 44140
B227: 变压器过温告警 | D227: U32 | E227: bit0 -A-1原边过温告警 0 -正常 1-异常 bit1 -A-2原边过温告警 bit2 -B-1原边过温告警 bit3 -B-2原边过温告警 bit4 -C-1原边过温告警 bit5 -C-2原边过温告警 bit6 -原边铁芯温度过温告警 bit7 -A-1副边过温告警 bit8 -A-2副边过温告警 bit9 -B-1副边过温告警 bit10 -B-2副边过温告警 bit11 -C-1副边过温告警 bit12 -C-2副边过温告警 bit13 -副边铁芯温度过温告警 bit14-预留 0 -正常 1-异常 bit15-预留 0 -正常 1-异常 bit16-预留 0 -正常 1-异常 bit17 -预留 0 -正常 1-异常 | F227: 4 | G227: 44141
B228: 变压器综合告警 | D228: U16 | E228: bit0 -变压器原边过温告警 bit1 -变压器副边过温告警 bit2 -变压器原边温差过大告警 bit3 -变压器副边温差过大告警 bit4 -变压器原边过温保护 bit5 -变压器副边过温保护 | F228: 2 | G228: 44142
B229: 变压器超温开出 | G229: 44143
B230: 风扇故障 | D230: U16 | E230: bit0-风扇1故障 bit1-风扇2故障 bit2-风扇3故障 bit3-风扇4故障 bit4-风扇5故障 bit5-风扇6故障 bit6-风扇7故障 bit7-风扇8故障 | F230: 2 | G230: 44144
B231: 风扇通信故障 | D231: U16 | E231: bit0-风扇1通信故障 0 正常 1告警 bit1-风扇2通信故障 0 正常 1告警 bit2-风扇3通信故障 0 正常 1告警 bit3-风扇4通信故障 0 正常 1告警 bit4-风扇5通信故障 0 正常 1告警 bit5-风扇6通信故障 0 正常 1告警 bit6-风扇7通信故障 0 正常 1告警 bit7-风扇8通信故障 0 正常 1告警 | F231: 2 | G231: 44145
B232: 自定义开入状态 | G232: 44146
...

Sheet BMS采样数据
A1: 数据来源 | B1: 数据定义 | C1: ENMU | D1: 数据类型 | E1: 离散值逻辑 | F1: 数据 长度 | G1: signID | H1: modbus 地址 | I1: 默认值 | J1: 数据上限 | K1: 数据下限 | L1: 单位 | M1: 读写 权限 | N1: 精度 | O1: 数据上传 等级 | P1: UPP模型 名称 | Q1: UPP地址 | R1: UPP偏移 | S1: arm 配置参数 | T1: UPP 轮询间隔 | U1: 设置 优先级 | V1: 轮询 优先级 | W1: 回调函数 | X1: signID | Y1: 备注
A2: BMS | B2: 单柜的串数 | C2: BMS_SIG_CAB_STRING_NUM | D2: U16 | F2: 2 | G2: 2001 | H2: 0x1100 | I2: 3 | J2: 16 | K2: 1 | M2: RO
A3: BMS | B3: 每串的模组数 | C3: BMS_SIG_STRING_MOD_NUM | D3: U16 | F3: 2 | G3: 2002 | H3: 0x1101 | I3: 6 | J3: 32 | K3: 1 | M3: RO
A4: BMS | B4: 每个模组中单节数 | C4: BMS_SIG_MOD_CELL_NUM | D4: U16 | F4: 2 | G4: 2003 | H4: 0x1102 | I4: 20 | J4: 24 | K4: 1 | M4: RO
A5: BMS | B5: 单的柜蓄电池额定电压 | C5: BMS_SIG_CAB_RATED_VOL | D5: U16 | F5: 2 | G5: 2004 | H5: 0x1103 | I5: 3840 | J5: 65535 | K5: 0 | L5: V | M5: RO | N5: 0.1
A6: BMS | B6: 单柜电池容量 | C6: BMS_SIG_CAB_RATED_CAP | D6: U16 | F6: 2 | G6: 2005 | H6: 0x1104 | I6: 210 | J6: 65535 | K6: 0 | L6: AH | M6: RO | N6: 1
A7: BMS | B7: 单柜蓄电池充电截止电压 | C7: BMS_SIG_CHG_CUTOFF_VOL | D7: U16 | F7: 2 | G7: 2006 | H7: 0x1105 | I7: 4140 | J7: 65535 | K7: 0 | L7: V | M7: RO | N7: 0.1
A8: BMS | B8: 单柜蓄电池充电电流 | C8: BMS_SIG_CHG_CUR | D8: U16 | F8: 2 | G8: 2007 | H8: 0x1106 | I8: 35A*n | J8: 65535 | K8: 0 | L8: A | M8: RO | N8: 0.1
A9: BMS | B9: 单柜蓄电池恢复电压 | C9: BMS_SIG_RECOVER_VOL | D9: U16 | F9: 2 | G9: 2008 | H9: 0x1107 | I9: 3990 | J9: 65535 | K9: 0 | L9: V | M9: RO | N9: 0.1
A10: BMS | B10: 单柜蓄电池放电截止电压 | C10: BMS_SIG_DCHG_CUTOFF_VOL | D10: U16 | F10: 2 | G10: 2009 | H10: 0x1108 | I10: 3240 | J10: 65535 | K10: 0 | L10: V | M10: RO | N10: 0.1
A12: BMS | B12: 电池柜1工作状态 | C12: BMS_SIG_CAB1_WORK_STATE | D12: U16 | E12: 0x0001 表示电池充电已满，此时电池进入静置状态，不须充电，可放电。 0x0002 表示电池常规储能放电结束，只剩余备电容量。电池此时不可进行储能放电，但可应急对负载放电，可充电。 0x0003 表示电池电量全部放空。不可放电，可以充电。 0x0004 表示电池系统有告警， 禁止充电操作。 0x0005 表示电池系统有告警， 禁止放电操作。 0x0006 表示电池系统有告警， 禁止充电与放电操作。 0x0007 表示电池系统故障，并断开交、直流开关。HVDC 不得进行充、放电操作。 0x0008 表示电池系统正常，此时电池可执行任何指令。 | F12: 2 | G12: 2101 | H12: 0x2100 | M12: RO
A13: BMS | B13: 电池柜1计算充电电流 | C13: BMS_SIG_CAB1_CALC_CHG_CUR | D13: U16 | F13: 2 | G13: 2102 | H13: 0x2101 | L13: A | M13: RO | N13: 0.1
A14: BMS | B14: 电池柜1计算放电电流 | C14: BMS_SIG_CAB1_CALC_DCHG_CUR | D14: U16 | F14: 2 | G14: 2103 | H14: 0x2102 | L14: A | M14: RO | N14: 0.1
A15: BMS | B15: 电池柜1总电压 | C15: BMS_SIG_CAB1_TOTAL_VOL | D15: U16 | F15: 2 | G15: 2104 | H15: 0x2103 | L15: V | M15: RO | N15: 0.1
A16: BMS | B16: 电池柜1总电流 | C16: BMS_SIG_CAB1_TOTAL_CUR | D16: S16 | F16: 2 | G16: 2105 | H16: 0x2104 | L16: A | M16: RO | N16: 0.1
A17: BMS | B17: 电池柜1系统 SOC | C17: BMS_SIG_CAB1_SOC | D17: U16 | F17: 2 | G17: 2106 | H17: 0x2105 | J17: 1000 | K17: 0 | L17: % | M17: RO | N17: 0.001
A18: BMS | B18: 电池柜1系统 SOH | C18: BMS_SIG_CAB1_SOH | D18: U16 | F18: 2 | G18: 2107 | H18: 0x2106 | J18: 1000 | K18: 0 | L18: % | M18: RO | N18: 0.001
A19: BMS | B19: 电池柜1最高电芯电压 | C19: BMS_SIG_CAB1_MAX_CELL_VOL | D19: U16. | F19: 2 | G19: 2108 | H19: 0x2107 | L19: V | M19: RO | N19: 0.1
A20: BMS | B20: 电池柜1最高电芯温度 | C20: BMS_SIG_CAB1_MAX_CELL_TEMP | D20: U16 | F20: 2 | G20: 2109 | H20: 0x2108 | L20: °C | M20: RO | N20: 0.1
A21: BMS | B21: 电池柜1心跳帧 | C21: BMS_SIG_CAB1_HEARTBEAT | D21: U16 | F21: 2 | G21: 2110 | H21: 0x2109 | J21: 65535 | K21: 0 | M21: RO
A23: BMS | B23: 电池柜2工作状态 | C23: BMS_SIG_CAB2_WORK_STATE | D23: U16 | E23: 0x0001 表示电池充电已满，此时电池进入静置状态，不须充电，可放电。 0x0002 表示电池常规储能放电结束，只剩余备电容量。电池此时不可进行储能放电，但可应急对负载放电，可充电。 0x0003 表示电池电量全部放空。不可放电，可以充电。 0x0004 表示电池系统有告警， 禁止充电操作。 0x0005 表示电池系统有告警， 禁止放电操作。 0x0006 表示电池系统有告警， 禁止充电与放电操作。 0x0007 表示电池系统故障，并断开交、直流开关。HVDC 不得进行充、放电操作。 0x0008 表示电池系统正常，此时电池可执行任何指令。 | F23: 2 | G23: 2201 | H23: 0x3100 | M23: RO
A24: BMS | B24: 电池柜2计算充电电流 | C24: BMS_SIG_CAB2_CALC_CHG_CUR | D24: U16 | F24: 2 | G24: 2202 | H24: 0x3101 | L24: A | M24: RO | N24: 0.1
A25: BMS | B25: 电池柜2计算放电电流 | C25: BMS_SIG_CAB2_CALC_DCHG_CUR | D25: U16 | F25: 2 | G25: 2203 | H25: 0x3102 | L25: A | M25: RO | N25: 0.1
A26: BMS | B26: 电池柜2总电压 | C26: BMS_SIG_CAB2_TOTAL_VOL | D26: U16 | F26: 2 | G26: 2204 | H26: 0x3103 | L26: V | M26: RO | N26: 0.1
A27: BMS | B27: 电池柜2总电流 | C27: BMS_SIG_CAB2_TOTAL_CUR | D27: S16 | F27: 2 | G27: 2205 | H27: 0x3104 | L27: A | M27: RO | N27: 0.1
A28: BMS | B28: 电池柜2系统 SOC | C28: BMS_SIG_CAB2_SOC | D28: U16 | F28: 2 | G28: 2206 | H28: 0x3105 | J28: 1000 | K28: 0 | L28: % | M28: RO | N28: 0.001
A29: BMS | B29: 电池柜2系统 SOH | C29: BMS_SIG_CAB2_SOH | D29: U16 | F29: 2 | G29: 2207 | H29: 0x3106 | J29: 1000 | K29: 0 | L29: % | M29: RO | N29: 0.001
A30: BMS | B30: 电池柜2最高电芯电压 | C30: BMS_SIG_CAB2_MAX_CELL_VOL | D30: U16. | F30: 2 | G30: 2208 | H30: 0x3107 | L30: V | M30: RO | N30: 0.1
A31: BMS | B31: 电池柜2最高电芯温度 | C31: BMS_SIG_CAB2_MAX_CELL_TEMP | D31: U16 | F31: 2 | G31: 2209 | H31: 0x3108 | L31: °C | M31: RO | N31: 0.1
A32: BMS | B32: 电池柜2心跳帧 | C32: BMS_SIG_CAB2_HEARTBEAT | D32: U16 | F32: 2 | G32: 2210 | H32: 0x3109 | J32: 65535 | K32: 0 | M32: RO
A34: BMS | B34: 电池柜3工作状态 | C34: BMS_SIG_CAB3_WORK_STATE | D34: U16 | E34: 0x0001 表示电池充电已满，此时电池进入静置状态，不须充电，可放电。 0x0002 表示电池常规储能放电结束，只剩余备电容量。电池此时不可进行储能放电，但可应急对负载放电，可充电。 0x0003 表示电池电量全部放空。不可放电，可以充电。 0x0004 表示电池系统有告警， 禁止充电操作。 0x0005 表示电池系统有告警， 禁止放电操作。 0x0006 表示电池系统有告警， 禁止充电与放电操作。 0x0007 表示电池系统故障，并断开交、直流开关。HVDC 不得进行充、放电操作。 0x0008 表示电池系统正常，此时电池可执行任何指令。 | F34: 2 | G34: 2301 | H34: 0x4100
A35: BMS | B35: 电池柜3计算充电电流 | C35: BMS_SIG_CAB3_CALC_CHG_CUR | D35: U16 | F35: 2 | G35: 2302 | H35: 0x4101 | L35: A | M35: RO | N35: 0.1
A36: BMS | B36: 电池柜3计算放电电流 | C36: BMS_SIG_CAB3_CALC_DCHG_CUR | D36: U16 | F36: 2 | G36: 2303 | H36: 0x4102 | L36: A | M36: RO | N36: 0.1
A37: BMS | B37: 电池柜3总电压 | C37: BMS_SIG_CAB3_TOTAL_VOL | D37: U16 | F37: 2 | G37: 2304 | H37: 0x4103 | L37: V | M37: RO | N37: 0.1
A38: BMS | B38: 电池柜3总电流 | C38: BMS_SIG_CAB3_TOTAL_CUR | D38: S16 | F38: 2 | G38: 2305 | H38: 0x4104 | L38: A | M38: RO | N38: 0.1
A39: BMS | B39: 电池柜3系统 SOC | C39: BMS_SIG_CAB3_SOC | D39: U16 | F39: 2 | G39: 2306 | H39: 0x4105 | J39: 1000 | K39: 0 | L39: % | M39: RO | N39: 0.001
A40: BMS | B40: 电池柜3系统 SOH | C40: BMS_SIG_CAB3_SOH | D40: U16 | F40: 2 | G40: 2307 | H40: 0x4106 | J40: 1000 | K40: 0 | L40: % | M40: RO | N40: 0.001
A41: BMS | B41: 电池柜3最高电芯电压 | C41: BMS_SIG_CAB3_MAX_CELL_VOL | D41: U16. | F41: 2 | G41: 2308 | H41: 0x4107 | L41: V | M41: RO | N41: 0.1
A42: BMS | B42: 电池柜3最高电芯温度 | C42: BMS_SIG_CAB3MAX_CELL_TEMP | D42: U16 | F42: 2 | G42: 2309 | H42: 0x4108 | L42: °C | M42: RO | N42: 0.1
A43: BMS | B43: 电池柜3心跳帧 | C43: BMS_SIG_CAB3_HEARTBEAT | D43: U16 | F43: 2 | G43: 2310 | H43: 0x4109 | J43: 65535 | K43: 0 | M43: RO

Sheet 变压器综合侦测板
A1: 数据来源 | B1: 数据定义 | C1: ENMU | D1: 数据类型 | E1: 离散值逻辑 | F1: 数据 长度 | G1: signID | H1: modbus 地址 | I1: 默认值 | J1: 数据上限 | K1: 数据下限 | L1: 单位 | M1: 读写 权限 | N1: 精度 | O1: 数据上传 等级 | P1: UPP模型 名称 | Q1: UPP地址 | R1: UPP偏移 | S1: arm 配置参数 | T1: UPP 轮询间隔 | U1: 设置 优先级 | V1: 轮询 优先级 | W1: 回调函数 | X1: signID | Y1: modbus 地址 | Z1: 备注
A2: ACIO | B2: 设备类型编码 | D2: U16 | G2: 2001 | H2: 8150 | M2: RO
A3: ACIO | B3: 通讯协议版本 | D3: U32 | F3: 4 | G3: 2002 | H3: 8151-8152 | M3: RO
A4: ACIO | B4: DI1-10状态 | D4: U16 | E4: bit0 DI1 0-正常 1-异常 bit1 DI2 0-正常 1-异常 bit2 DI3 0-正常 1-异常 bit3 DI4 0-正常 1-异常 bit4 DI5 0-正常 1-异常 bit5 DI6 0-正常 1-异常 bit6 DI7 0-正常 1-异常 bit7 DI8 0-正常 1-异常 bit8 DI9 0-正常 1-异常 bit9 DI10 0-正常 1-异常 | F4: 2 | G4: 2003 | H4: 8153 | M4: RO
A5: ACIO | B5: 风机DET1-8状态 | D5: U16 | E5: bit0-风扇1故障 bit1-风扇2故障 bit2-风扇3故障 bit3-风扇4故障 bit4-风扇5故障 bit5-风扇6故障 bit6-风扇7故障 bit7-风扇8故障 | F5: 2 | G5: 2004 | H5: 8154 | M5: RO
A6: ACIO | B6: 风机通讯故障1-8 | D6: U16 | E6: bit0-风扇1通信故障 0 正常 1告警 bit1-风扇2通信故障 0 正常 1告警 bit2-风扇3通信故障 0 正常 1告警 bit3-风扇4通信故障 0 正常 1告警 bit4-风扇5通信故障 0 正常 1告警 bit5-风扇6通信故障 0 正常 1告警 bit6-风扇7通信故障 0 正常 1告警 bit7-风扇8通信故障 0 正常 1告警 | F6: 2 | G6: 2005 | H6: 8155 | M6: RO
A7: ACIO | B7: 风扇1故障信息 | D7: U16 | F7: 2 | G7: 2006 | H7: 8156 | M7: RO
A8: ACIO | B8: 风扇2故障信息 | D8: U16 | F8: 2 | G8: 2007 | H8: 8157 | M8: RO
A9: ACIO | B9: 风扇3故障信息 | D9: U16 | F9: 2 | G9: 2008 | H9: 8158 | M9: RO
A10: ACIO | B10: 风扇4故障信息 | D10: U16 | F10: 2 | G10: 2009 | H10: 8159 | M10: RO
A11: ACIO | B11: 风扇5故障信息 | D11: U16 | F11: 2 | G11: 2010 | H11: 8160 | M11: RO
A12: ACIO | B12: 风扇6故障信息 | D12: U16 | F12: 2 | G12: 2011 | H12: 8161 | M12: RO
A13: ACIO | B13: 风扇7故障信息 | D13: U16 | F13: 2 | G13: 2012 | H13: 8162 | M13: RO
A14: ACIO | B14: 风扇8故障信息 | D14: U16 | F14: 2 | G14: 2013 | H14: 8163 | M14: RO
A15: ACIO | B15: 风扇1转速（回传） | D15: U16 | F15: 2 | G15: 2014 | H15: 8164 | L15: % | M15: RO | N15: 0.1
A16: ACIO | B16: 风扇2转速（回传） | D16: U16 | F16: 2 | G16: 2015 | H16: 8165 | L16: % | M16: RO | N16: 0.1
A17: ACIO | B17: 风扇3转速（回传） | D17: U16 | F17: 2 | G17: 2016 | H17: 8166 | L17: % | M17: RO | N17: 0.1
A18: ACIO | B18: 风扇4转速（回传） | D18: U16 | F18: 2 | G18: 2017 | H18: 8167 | L18: % | M18: RO | N18: 0.1
A19: ACIO | B19: 风扇5转速（回传） | D19: U16 | F19: 2 | G19: 2018 | H19: 8168 | L19: % | M19: RO | N19: 0.1
A20: ACIO | B20: 风扇6转速（回传） | D20: U16 | F20: 2 | G20: 2019 | H20: 8169 | L20: % | M20: RO | N20: 0.1
A21: ACIO | B21: 风扇7转速（回传） | D21: U16 | F21: 2 | G21: 2020 | H21: 8170 | L21: % | M21: RO | N21: 0.1
A22: ACIO | B22: 风扇8转速（回传） | D22: U16 | F22: 2 | G22: 2021 | H22: 8171 | L22: % | M22: RO | N22: 0.1
A23: ACIO | B23: 温度1 | D23: S16 | F23: 2 | G23: 2023 | H23: 8181 | L23: ℃ | M23: RO | N23: 0.1
A24: ACIO | B24: 温度2 | D24: S16 | F24: 2 | G24: 2024 | H24: 8182 | L24: ℃ | M24: RO | N24: 0.1
A25: ACIO | B25: 温度3 | D25: S16 | F25: 2 | G25: 2025 | H25: 8183 | L25: ℃ | M25: RO | N25: 0.1
A26: ACIO | B26: 温度4 | D26: S16 | F26: 2 | G26: 2026 | H26: 8184 | L26: ℃ | M26: RO | N26: 0.1
... A43: ACIO | B43: 温度21 | D43: S16 | F43: 2 | G43: 2043 | H43: 8201 | L43: ℃ | M43: RO | N43: 0.1
A44: ACIO | B44: 风扇1转速PWM设定 | D44: U16 | F44: 2 | G44: 2101 | H44: 8150 | I44: 0 | L44: % | M44: RW | N44: 0.1
A45: ACIO | B45: 风扇2转速PWM设定 | D45: U16 | F45: 2 | G45: 2102 | H45: 8151 | I45: 0 | L45: % | M45: RW | N45: 0.1
A46: ACIO | B46: 风扇3转速PWM设定 | D46: U16 | F46: 2 | G46: 2103 | H46: 8152 | I46: 0 | L46: % | M46: RW | N46: 0.1
A47: ACIO | B47: 风扇4转速PWM设定 | D47: U16 | F47: 2 | G47: 2104 | H47: 8153 | I47: 0 | L47: % | M47: RW | N47: 0.1
A48: ACIO | B48: 风扇5转速PWM设定 | D48: U16 | F48: 2 | G48: 2105 | H48: 8154 | I48: 0 | L48: % | M48: RW | N48: 0.1
A49: ACIO | B49: 风扇6转速PWM设定 | D49: U16 | F49: 2 | G49: 2106 | H49: 8155 | I49: 0 | L49: % | M49: RW | N49: 0.1
A50: ACIO | B50: 风扇7转速PWM设定 | D50: U16 | F50: 2 | G50: 2107 | H50: 8156 | I50: 0 | L50: % | M50: RW | N50: 0.1
A51: ACIO | B51: 风扇8转速PWM设定 | D51: U16 | F51: 2 | G51: 2108 | H51: 8157 | I51: 0 | L51: % | M51: RW | N51: 0.1

Sheet 综合侦测板
A1: 数据来源 | B1: 数据定义 | C1: ENMU | D1: 数据类型 | E1: 离散值逻辑 | F1: 数据 长度 | G1: signID | H1: modbus 地址 | I1: 默认值 | J1: 数据上限 | K1: 数据下限 | L1: 单位 | M1: 读写 权限 | N1: 精度 | O1: 数据上传 等级 | P1: UPP模型 名称 | Q1: UPP地址 | R1: UPP偏移 | S1: arm 配置参数 | T1: UPP 轮询间隔 | U1: 设置 优先级 | V1: 轮询 优先级 | W1: 回调函数 | X1: signID | Y1: modbus 地址 | Z1: 备注
A2: IO | B2: 设备类型编码 | D2: U16 | G2: 2001 | H2: 8150 | M2: RO
A3: IO | B3: 通讯协议版本 | D3: U32 | F3: 4 | G3: 2002 | H3: 8151-8152 | M3: RO
A4: IO | B4: DI1-16状态 | D4: U16 | E4: bit0 DI1 0-正常 1-异常 bit1 DI2 0-正常 1-异常 bit2 DI3 0-正常 1-异常 bit3 DI4 0-正常 1-异常 bit4 DI5 0-正常 1-异常 bit5 DI6 0-正常 1-异常 bit6 DI7 0-正常 1-异常 bit7 DI8 0-正常 1-异常 bit8 DI9 0-正常 1-异常 bit9 DI10 0-正常 1-异常 bit10 DI11 0-正常 1-异常 bit11 DI12 0-正常 1-异常 bit12 DI13 0-正常 1-异常 bit13 DI14 0-正常 1-异常 bit14 DI15 0-正常 1-异常 bit15 DI16 0-正常 1-异常 | F4: 2 | G4: 2003 | H4: 8153 | M4: RO
A5: IO | B5: DI17-32状态 | D5: U16 | E5: bit0 DI17 0-正常 1-异常 bit1 DI18 0-正常 1-异常 bit2 DI19 0-正常 1-异常 bit3 DI20 0-正常 1-异常 bit4 DI21 0-正常 1-异常 bit5 DI22 0-正常 1-异常 bit6 DI23 0-正常 1-异常 bit7 DI24 0-正常 1-异常 bit8 DI25 0-正常 1-异常 bit9 DI26 0-正常 1-异常 bit10 DI27 0-正常 1-异常 bit11 DI28 0-正常 1-异常 bit12 DI29 0-正常 1-异常 bit13 DI30 0-正常 1-异常 bit14 DI31 0-正常 1-异常 bit15 DI32 0-正常 1-异常 | F5: 2 | G5: 2004 | H5: 8154 | M5: RO
A6: IO | B6: DI33-36状态 | D6: U16 | E6: bit0 DI33 0-正常 1-异常 bit1 DI34 0-正常 1-异常 bit2 DI35 0-正常 1-异常 bit3 DI36 0-正常 1-异常 | F6: 2 | G6: 2005 | H6: 8155 | M6: RO
A7: IO | B7: DO1-6状态回读 | D7: U16 | E7: bit0 DO1 0-正常 1-异常 bit1 DO2 0-正常 1-异常 bit2 DO3 0-正常 1-异常 bit3 DO4 0-正常 1-异常 bit4 DO5 0-正常 1-异常 bit5 DO6 0-正常 1-异常 | F7: 2 | G7: 2006 | H7: 8156 | M7: RO
A8: IO | B8: 电流采样C1 | D8: U16 | E8: 电压型采样，支持±6V | F8: 2 | G8: 2007 | H8: 8157 | L8: A | M8: RO
A9: IO | B9: 电流采样C2 | D9: U16 | E9: 电压型采样，支持±6V | F9: 2 | G9: 2008 | H9: 8158 | L9: A | M9: RO
A10: IO | B10: 电流采样C3 | D10: U16 | E10: 电压型采样，支持±6V | F10: 2 | G10: 2009 | H10: 8159 | L10: A | M10: RO
A11: IO | B11: 电流采样C4 | D11: U16 | E11: 电压型采样，支持±6V | F11: 2 | G11: 2010 | H11: 8160 | L11: A | M11: RO
A12: IO | B12: 电流采样C5 | D12: U16 | E12: 预留，电压型采样 | F12: 2 | G12: 2011 | H12: 8161 | L12: A | M12: RO
A13: IO | B13: 电流采样C6 | D13: U16 | E13: 预留，电压型采样 | F13: 2 | G13: 2012 | H13: 8162 | L13: A | M13: RO
A14: IO | B14: 电流采样C7 | D14: U16 | E14: 预留，电压型采样 | F14: 2 | G14: 2013 | H14: 8163 | L14: A | M14: RO
A15: IO | B15: 电流采样C8 | D15: U16 | E15: 预留，电压型采样 | F15: 2 | G15: 2014 | H15: 8164 | L15: A | M15: RO
A16: IO | B16: 电流采样C9 | D16: U16 | E16: 预留，电压型采样 | F16: 2 | G16: 2015 | H16: 8165 | L16: A | M16: RO
A17: IO | B17: 电流采样C10 | D17: U16 | E17: 电流型采样，支持±20mA，母联霍尔采样 | F17: 2 | G17: 2016 | H17: 8166 | L17: A | M17: RO
A18: IO | B18: 电流采样C11 | D18: U16 | E18: 预留，电流型采样 | F18: 2 | G18: 2017 | H18: 8167 | L18: A | M18: RO
A19: IO | B19: 电压采样DC1 | D19: U16 | F19: 2 | G19: 2018 | H19: 8168 | L19: V | M19: RO | N19: 0.1
A20: IO | B20: 电压采样DC2 | D20: U16 | F20: 2 | G20: 2019 | H20: 8169 | L20: V | M20: RO | N20: 0.1
A21: IO | B21: 电压采样DC3 | D21: U16 | F21: 2 | G21: 2020 | H21: 8170 | L21: V | M21: RO | N21: 0.1
A22: IO | B22: NTC温度1 | D22: U16 | F22: 2 | G22: 2021 | H22: 8171 | L22: ℃ | M22: RO
A23: IO | B23: NTC温度2 | D23: U16 | F23: 2 | G23: 2022 | H23: 8172 | L23: ℃ | M23: RO
A24: IO | B24: NTC温度3 | D24: U16 | F24: 2 | G24: 2023 | H24: 8173 | L24: ℃ | M24: RO
A25: IO | B25: NTC温度4 | D25: U16 | F25: 2 | G25: 2024 | H25: 8174 | L25: ℃ | M25: RO
A26: IO | B26: NTC温度5 | D26: U16 | F26: 2 | G26: 2025 | H26: 8175 | L26: ℃ | M26: RO
A27: IO | B27: NTC温度6 | D27: U16 | F27: 2 | G27: 2026 | H27: 8176 | L27: ℃ | M27: RO
A29: IO | B29: DO1控制 | D29: U16 | E29: 0xAA：动作/闭合； 0x55：复位/断开 | F29: 2 | G29: 2101 | H29: 8150 | M29: RW
A30: IO | B30: DO2控制 | D30: U16 | F30: 2 | G30: 2102 | H30: 8151 | M30: RW
A31: IO | B31: DO3控制 | D31: U16 | F31: 2 | G31: 2103 | H31: 8152 | M31: RW
A32: IO | B32: DO4控制 | D32: U16 | F32: 2 | G32: 2104 | H32: 8153 | M32: RW
A33: IO | B33: DO5控制 | D33: U16 | F33: 2 | G33: 2105 | H33: 8154 | M33: RW
A34: IO | B34: DO6控制 | D34: U16 | F34: 2 | G34: 2106 | H34: 8155 | M34: RW

Sheet 绝缘

Sheet CSU-iconfig-HMI使用
A1: 北向一级 分类 | B1: 北向二级 分类 | C1: 北向三级 分类 | D1: 定义 | E1: 离散值 逻辑 | F1: 默认值 | G1: 数据 上限 | H1: 数据 下限 | I1: 单位 | J1: 精度 | K1: 数据 类型 | L1: 读/写 | M1: 寄存器 类型 | N1: 寄存器 地址 | O1: 寄存器 长度 | P1: sigID | Q1: 备注
A2: 监控系统 | B2: 系统 | C2: 通讯参数 | D2: 设备转发地址 | J2: 1 | K2: U16 | L2: RW | M2: 4x | N2: 41654 | O2: 1
A3: 监控系统 | B3: 系统 | C3: 平台信息 | D3: 平台软件发布版本 | J3: 1 | K3: U16 | L3: RO | M3: 3x | N3: 2815 | O3: 1
A4: 监控系统 | B4: 系统 | C4: 平台信息 | D4: 平台软件构建版本 | J4: 1 | K4: U16 | L4: RO | M4: 3x | N4: 2816 | O4: 1
A5: 监控系统 | B5: 系统 | C5: 平台信息 | D5: 平台软件补丁版本 | J5: 1 | K5: U16 | L5: RO | M5: 3x | N5: 2817 | O5: 1
A6: 监控系统 | B6: 系统 | C6: 平台信息 | D6: 设备序列号 | J6: 1 | K6: STRING | L6: RW | M6: 4x | N6: 31811 | O6: 10
A7: 监控系统 | B7: 系统 | C7: 通讯参数 | D7: 串口1波特率 | J7: 1 | K7: U32 | L7: RW | M7: 4x | N7: 41655 | O7: 2
A8: 监控系统 | B8: 系统 | C8: 通讯参数 | D8: 串口1奇偶校验 | J8: 1 | K8: U32 | L8: RW | M8: 4x | N8: 41657 | O8: 2
A9: 监控系统 | B9: 系统 | C9: 通讯参数 | D9: 串口1停止位 | J9: 1 | K9: U32 | L9: RW | M9: 4x | N9: 41659 | O9: 2
A10: 监控系统 | B10: 系统 | C10: 通讯参数 | D10: 串口2波特率 | J10: 1 | K10: U32 | L10: RW | M10: 4x | N10: 41661 | O10: 2
A11: 监控系统 | B11: 系统 | C11: 通讯参数 | D11: 串口2奇偶校验 | J11: 1 | K11: U32 | L11: RW | M11: 4x | N11: 41663 | O11: 2
A12: 监控系统 | B12: 系统 | C12: 通讯参数 | D12: 串口2停止位 | J12: 1 | K12: U32 | L12: RW | M12: 4x | N12: 41665 | O12: 2
A13: 监控系统 | B13: 系统 | C13: 通讯参数 | D13: 串口3波特率 | J13: 1 | K13: U32 | L13: RW | M13: 4x | N13: 41667 | O13: 2
... A16: 监控系统 | B16: 系统 | C16: 通讯参数 | D16: 以太网DHCP使能开关 | J16: 1 | K16: U16 | L16: RW | M16: 4x | N16: 41851 | O16: 1
A17: 监控系统 | B17: 系统 | C17: 通讯参数 | D17: 以太网IP | F17: 12.12.12.12 | J17: 1 | K17: STRING | L17: RW | M17: 4x | N17: 41852 | O17: 8
A18: 监控系统 | B18: 系统 | C18: 通讯参数 | D18: 以太网子网掩码 | F18: 255.0.0.0 | J18: 1 | K18: STRING | L18: RW | M18: 4x | N18: 41860 | O18: 8
A19: 监控系统 | B19: 系统 | C19: 通讯参数 | D19: 以太网网关 | F19: 12.12.12.1 | J19: 1 | K19: STRING | L19: RW | M19: 4x | N19: 41868 | O19: 8
A20: 监控系统 | B20: 系统 | C20: 通讯参数 | D20: 以太网DNS1 | F20: 1.2.4.8 | J20: 1 | K20: STRING | L20: RW | M20: 4x | N20: 41876 | O20: 8
A21: 监控系统 | B21: 系统 | C21: 通讯参数 | D21: 以太网DNS2 | F21: 8.8.8.8 | J21: 1 | K21: STRING | L21: RW | M21: 4x | N21: 41884 | O21: 8
A22: 监控系统 | B22: 系统 | C22: 设备信息 | D22: dsp的数量规格,修改该测点需要保证所有设备已经关机 | J22: 1 | K22: U16 | L22: RW | M22: 4x | N22: 41651 | O22: 1
A23: 监控系统 | B23: 系统 | C23: 设备信息 | D23: 查询DSP在线状态 | J23: 1 | K23: U16 | L23: RO | M23: 3x | N23: 16409 | O23: 1
A24: 监控系统 | B24: 系统 | C24: 设备信息 | D24: 查询DSP在线状态 | J24: 1 | K24: U16 | L24: RO | M24: 3x | N24: 30097 | O24: 1
A25: 监控系统 | B25: 系统 | C25: 设备信息 | D25: 查询DSP在线状态 | J25: 1 | K25: U16 | L25: RO | M25: 3x | N25: 31806 | O25: 1
A26: 监控系统 | B26: 系统 | C26: 系统设置 | D26: NTP服务器 | J26: 1 | K26: STRING | L26: RW | M26: 4x | N26: 41896 | O26: 32
A27: 监控系统 | B27: 系统 | C27: 系统设置 | D27: NTP对时时间间隔 单位:秒 | J27: 1 | K27: U32 | L27: RW | M27: 4x | N27: 41894 | O27: 2
A28: 监控系统 | B28: 系统 | C28: 系统设置 | D28: NTP对时成功时间 | J28: 1 | K28: STRING | L28: RW | M28: 4x | N28: 41928 | O28: 16
A29: 监控系统 | B29: 系统 | C29: 设备信息 | D29: 未绑定的DSP数量 | J29: 1 | K29: U16 | L29: RO | M29: 3x | N29: 31916 | O29: 1
A30: 监控系统 | B30: 系统 | C30: 设备信息 | D30: DSP设备SN数据池-SN1 | J30: 1 | K30: STRING | L30: RO | M30: 3x | N30: 41689 | O30: 10
A31: 监控系统 | B31: 系统 | C31: 设备信息 | D31: DSP设备SN数据池-SN2 | J31: 1 | K31: STRING | L31: RO | M31: 3x | N31: 41699 | O31: 10
A32: 监控系统 | B32: 系统 | C32: 设备信息 | D32: DSP设备SN数据池-SN3 | J32: 1 | K32: STRING | L32: RO | M32: 3x | N32: 41709 | O32: 10
A33: 监控系统 | B33: 系统 | C33: 设备信息 | D33: DSP设备SN数据池-SN4 | J33: 1 | K33: STRING | L33: RO | M33: 3x | N33: 41719 | O33: 10
... A45: 监控系统 | B45: 系统 | C45: 设备信息 | D45: DSP设备SN数据池-SN16 | J45: 1 | K45: STRING | L45: RO | M45: 3x | N45: 41839 | O45: 10
A46: 监控系统 | B46: 系统 | C46: 设备信息 | D46: 设备类型编码（北向机器型号编码） | F46: E_DEVTYPE_SGAIDC | J46: 1 | K46: U16 | L46: RO | M46: 3x | N46: 2515 | O46: 1
A47: 故障录波系统 | B47: 系统 | C47: 故障录波系统 | D47: 北向 录波数据总条数30078 3x | J47: 1 | K47: U16 | L47: RO | M47: 3x | N47: 30078 | O47: 1
A48: 故障录波系统 | B48: 系统 | C48: 故障录波系统 | D48: 北向 录波数据读取进度30079 3x | J48: 1 | K48: U16 | L48: RO | M48: 3x | N48: 30079 | O48: 1
A49: 故障录波系统 | B49: 系统 | C49: 故障录波系统 | D49: 北向 整机属性协议号2500 3x | J49: 1 | K49: STRING | L49: RO | M49: 3x | N49: 2500 | O49: 2
A50: 故障录波系统 | B50: 系统 | C50: 故障录波系统 | D50: 北向 整机属性协议版本2502 3x | J50: 1 | K50: U16 | L50: RO | M50: 3x | N50: 2502 | O50: 2
A51: 故障录波系统 | B51: 系统 | C51: 故障录波系统 | D51: 北向 协议地址长度2504 3x | J51: 1 | K51: U16 | L51: RO | M51: 3x | N51: 2504 | O51: 1
A52: 故障录波系统 | B52: 系统 | C52: 故障录波系统 | D52: 南向 机器型号30360 4x 北向 机器型号2516 3x | J52: 1 | K52: STRING | L52: RO | M52: 3x | N52: 2516 | O52: 8
A53: 故障录波系统 | B53: 系统 | C53: 故障录波系统 | D53: 北向 故障录波协议号2569 3x | J53: 1 | K53: U32 | L53: RO | M53: 3x | N53: 2569 | O53: 2
A54: 故障录波系统 | B54: 系统 | C54: 故障录波系统 | D54: 北向 故障录波协议版本2571 3x | J54: 1 | K54: U32 | L54: RO | M54: 3x | N54: 2571 | O54: 2
A55: 监控系统 | B55: 系统 | C55: 设备信息 | D55: 北向 上传固件版本数量2581 3x | J55: 1 | K55: U16 | L55: RO | M55: 3x | N55: 2581 | O55: 1
A56: 监控系统 | B56: 系统 | C56: 设备信息 | D56: 北向 固件版本号1 2582 3x | J56: 1 | K56: STRING | L56: RO | M56: 3x | N56: 2582 | O56: 15
A57: 监控系统 | B57: 系统 | C57: 设备信息 | D57: 北向 固件版本号1 2582 3x | J57: 1 | K57: STRING | L57: RO | M57: 3x | N57: 31821 | O57: 15
A58: 监控系统 | B58: 系统 | C58: 设备信息 | D58: 北向 固件版本号2 2597 3x | J58: 1 | K58: STRING | L58: RO | M58: 3x | N58: 2597 | O58: 15
... A89: 日志系统 | B89: 系统 | C89: 日志系统 | D89: 北向 数据有效长度 4x | J89: 1 | K89: U16 | L89: RW | M89: 4x | N89: 32061 | O89: 1
A90: 监控系统 | B90: 模块1 | C90: 系统参数1 | D90: 固件版本号版本 | F90: 0 | G90: 65534 | H90: 0 | J90: 1 | K90: STRING | L90: RO | M90: 3x | N90: 50000 | O90: 15
A91: 监控系统 | B91: 模块2 | C91: 系统参数1 | D91: 固件版本号版本 | F91: 0 | G91: 65534 | H91: 0 | J91: 1 | K91: STRING | L91: RO | M91: 3x | N91: 51000 | O91: 15
A92: 监控系统 | B92: 模块3 | C92: 系统参数1 | D92: 固件版本号版本 | F92: 0 | G92: 65534 | H92: 0 | J92: 1 | K92: STRING | L92: RO | M92: 3x | N92: 52000 | O92: 15
A93: 监控系统 | B93: 模块4 | C93: 系统参数1 | D93: 固件版本号版本 | F93: 0 | G93: 65534 | H93: 0 | J93: 1 | K93: STRING | L93: RO | M93: 3x | N93: 53000 | O93: 15
A94: 监控系统 | B94: 模块5 | C94: 系统参数1 | D94: 固件版本号版本 | F94: 0 | G94: 65534 | H94: 0 | J94: 1 | K94: STRING | L94: RO | M94: 3x | N94: 54000 | O94: 15
A95: 监控系统 | B95: 模块6 | C95: 系统参数1 | D95: 固件版本号版本 | F95: 0 | G95: 65534 | H95: 0 | J95: 1 | K95: STRING | L95: RO | M95: 3x | N95: 55000 | O95: 15
A96: 监控系统 | B96: 模块7 | C96: 系统参数1 | D96: 固件版本号版本 | F96: 0 | G96: 65534 | H96: 0 | J96: 1 | K96: STRING | L96: RO | M96: 3x | N96: 56000 | O96: 15
A97: 监控系统 | B97: 模块8 | C97: 系统参数1 | D97: 固件版本号版本 | F97: 0 | G97: 65534 | H97: 0 | J97: 1 | K97: STRING | L97: RO | M97: 3x | N97: 57000 | O97: 15
A98: 监控系统 | B98: 模块1 | C98: 系统参数2 | D98: 机器型号 | F98: 0 | G98: 65535 | H98: 0 | J98: 1 | K98: STRING | L98: RO | M98: 3x | N98: 50015 | O98: 8
A99: 监控系统 | B99: 模块2 | C99: 系统参数2 | D99: 机器型号 | F99: 0 | G99: 65535 | H99: 0 | J99: 1 | K99: STRING | L99: RO | M99: 3x | N99: 51015 | O99: 8
A100: 监控系统 | B100: 模块3 | C100: 系统参数2 | D100: 机器型号 | F100: 0 | G100: 65535 | H100: 0 | J100: 1 | K100: STRING | L100: RO | M100: 3x | N100: 52015 | O100: 8
A101: 监控系统 | B101: 模块4 | C101: 系统参数2 | D101: 机器型号 | F101: 0 | G101: 65535 | H101: 0 | J101: 1 | K101: STRING | L101: RO | M101: 3x | N101: 53015 | O101: 8
... A137: 监控系统 | B137: 模块8 | C137: 系统参数2 | D137: 序列号 | F137: 0 | G137: 65535 | H137: 0 | J137: 1 | K137: STRING | L137: RW | M137: 4x | N137: 57035 | O137: 10
A140: CCW改动部分
A141: 巴拿马变压器
A142: 变压器设置参数
B143: CSU | D143: 温度采样个数 | F143: 14 | G143: 18 | H143: 0 | J143: 1 | K143: U16 | L143: RW | M143: 4x | N143: 40001 | O143: 1
B144: CSU | D144: 设置风扇个数 | F144: 4 | G144: 8 | H144: 0 | J144: 1 | K144: U16 | L144: RW | M144: 4x | N144: 40002 | O144: 1
B145: CSU | D145: 风扇额定转速 | F145: 1650 | G145: 65535 | H145: 0 | I145: rpm | J145: 1 | K145: U16 | L145: RW | M145: 4x | N145: 40003 | O145: 1
B146: CSU | D146: 变压器温度告警门限值 | F146: 100 | G146: 250 | H146: 0 | I146: ℃ | J146: 0.1 | K146: U16 | L146: RW | M146: 4x | N146: 40004 | O146: 1
B147: CSU | D147: 变压器温度保护门限值 | F147: 130 | G147: 300 | H147: 100 | I147: ℃ | J147: 0.1 | K147: U16 | L147: RW | M147: 4x | N147: 40005 | O147: 1
B148: CSU | D148: 风机温度上限 | F148: 60 | G148: 500 | H148: 30 | I148: ℃ | J148: 0.1 | K148: U16 | L148: RW | M148: 4x | N148: 40006 | O148: 1
B149: CSU | D149: 风机温度下限 | F149: 30 | G149: 60 | H149: 0 | I149: ℃ | J149: 0.1 | K149: U16 | L149: RW | M149: 4x | N149: 40007 | O149: 1
B150: CSU | D150: 温度控制系数 | F150: 2 | G150: 10 | H150: 0 | K150: U16 | L150: RW | M150: 4x | N150: 40008 | O150: 1
B151: CSU | D151: 原边线圈温差过大门限值 | F151: 15 | G151: 50 | H151: 1 | I151: ℃ | J151: 0.1 | K151: U16 | L151: RW | M151: 4x | N151: 40009 | O151: 1
B152: CSU | D152: 副边线圈温差过大门限值 | F152: 15 | G152: 50 | H152: 1 | I152: ℃ | J152: 0.1 | K152: U16 | L152: RW | M152: 4x | N152: 40010 | O152: 1
D154: 变压器温度通道配置1 | E154: 0-未使用 1-A相原边线圈绕组温度1 2- A相原边线圈绕组温度2 3- B相原边线圈绕组温度1 4-B相原边线圈绕组温度2 5-C相原边线圈绕组温度1 6 -C相原边线圈绕组温度2 7-变压器原边铁芯温度 8- A相副边线圈绕组温度1 9-A相副边线圈绕组温度2 10- B相副边线圈绕组温度1 11- B相副边线圈绕组温度2 12- C相副边线圈绕组温度1 13- C相副边线圈绕组温度2 14- 变压器副边铁芯温度 15-自定义温度1 16-自定义温度2 17-自定义温度3 18-自定义温度4 19-自定义温度5 20-自定义温度6 21- 自定义温度7 | M154: 4x | N154: 40101
D155: 变压器温度通道配置2 | E155: 同上 | M155: 4x | N155: 40102
D156: 变压器温度通道配置3 | E156: 同上 | M156: 4x | N156: 40103
D157: 变压器温度通道配置4 | E157: 同上 | M157: 4x | N157: 40054
D158: 变压器温度通道配置5 | E158: 同上 | M158: 4x | N158: 40055
D159: 变压器温度通道配置6 | E159: 同上 | M159: 4x | N159: 40056
D160: 变压器温度通道配置7 | E160: 同上 | M160: 4x | N160: 40057
D161: 变压器温度通道配置8 | E161: 同上 | M161: 4x | N161: 40058
D162: 变压器温度通道配置9 | E162: 同上 | M162: 4x | N162: 40059
D163: 变压器温度通道配置10 | E163: 同上 | M163: 4x | N163: 40060
D164: 变压器温度通道配置11 | E164: 同上 | M164: 4x | N164: 40061
D165: 变压器温度通道配置12 | E165: 同上 | M165: 4x | N165: 40062
... D184: 变压器DI通道配置10 | E184: 同上 | M184: 4x | N184: 40081
A187: 变压器读取参数
B188: CSU | D188: A相原边线圈绕组温度1 | I188: ℃ | J188: 0.1 | K188: S16 | L188: RO | M188: 3x | N188: 40051 | O188: 1
B189: CSU | D189: A相原边线圈绕组温度2 | I189: ℃ | J189: 0.1 | K189: S16 | L189: RO | M189: 3x | N189: 40052 | O189: 1
B190: CSU | D190: B相原边线圈绕组温度1 | I190: ℃ | J190: 0.1 | K190: S16 | L190: RO | M190: 3x | N190: 40053 | O190: 1
B191: CSU | D191: B相原边线圈绕组温度2 | I191: ℃ | J191: 0.1 | K191: S16 | L191: RO | M191: 3x | N191: 40054 | O191: 1
B192: CSU | D192: C相原边线圈绕组温度1 | I192: ℃ | J192: 0.1 | K192: S16 | L192: RO | M192: 3x | N192: 40055 | O192: 1
B193: CSU | D193: C相原边线圈绕组温度2 | I193: ℃ | J193: 0.1 | K193: S16 | L193: RO | M193: 3x | N193: 40056 | O193: 1
B194: CSU | D194: 变压器原边铁芯温度 | I194: ℃ | J194: 0.1 | K194: S16 | L194: RO | M194: 3x | N194: 40057 | O194: 1
B195: CSU | D195: A相副边线圈绕组温度1 | I195: ℃ | J195: 0.1 | K195: S16 | L195: RO | M195: 3x | N195: 40058 | O195: 1
B196: CSU | D196: A相副边线圈绕组温度2 | I196: ℃ | J196: 0.1 | K196: S16 | L196: RO | M196: 3x | N196: 40059 | O196: 1
B197: CSU | D197: B相副边线圈绕组温度1 | I197: ℃ | J197: 0.1 | K197: S16 | L197: RO | M197: 3x | N197: 40060 | O197: 1
B198: CSU | D198: B相副边线圈绕组温度2 | I198: ℃ | J198: 0.1 | K198: S16 | L198: RO | M198: 3x | N198: 40061 | O198: 1
B199: CSU | D199: C相副边线圈绕组温度1 | I199: ℃ | J199: 0.1 | K199: S16 | L199: RO | M199: 3x | N199: 40062 | O199: 1
... B224: 暂时不做只做预留点位 | D224: 线电压Uca | I224: kV | J224: 0.01 | K224: U16 | L224: RO | M224: 3x | N224: 40087 | O224: 1
B225: 综合侦测板（变压器） | D225: 风扇1故障信息 | E225: bit0:预留1 bit1:预留2 bit2:保留2 bit3:保留3 bit4:保留4 bit5:保留5 bit6:保留6 bit7:保留7 bit8:保留8 bit9:保留9 bit10:保留10 bit11:保留11 bit12:保留12 bit13:保留13 bit14:保留14 bit15:保留15 | K225: U16 | L225: RO | M225: 3x | N225: 40088 | O225: 1
...

Sheet HMI数据
D1: 定义 | E1: 离散值 逻辑 | F1: 默认值 | G1: 数据 上限 | H1: 数据 下限 | I1: 单位 | J1: 精度 | K1: 数据 类型 | L1: 读/写 | M1: 寄存器 类型 | N1: 寄存器 地址 | O1: 寄存器 长度
D2: 温度采样个数 | F2: 14 | G2: 18 | H2: 0 | J2: 1 | K2: U16 | L2: RW | M2: 4x | O2: 1
D3: 设置风扇个数 | F3: 4 | G3: 8 | H3: 0 | J3: 1 | K3: U16 | L3: RW | M3: 4x | O3: 1
D4: 风扇额定转速 | F4: 1650 | G4: 65535 | H4: 0 | I4: rpm | J4: 1 | K4: U16 | L4: RW | M4: 4x | O4: 1
D5: 变压器温度告警门限值 | F5: 100 | G5: 250 | H5: 0 | I5: ℃ | J5: 0.1 | K5: U16 | L5: RW | M5: 4x | O5: 1
D6: 变压器温度保护门限值 | F6: 130 | G6: 300 | H6: 100 | I6: ℃ | J6: 0.1 | K6: U16 | L6: RW | M6: 4x | O6: 1
D7: 风机温度上限 | F7: 60 | G7: 500 | H7: 30 | I7: ℃ | J7: 0.1 | K7: U16 | L7: RW | M7: 4x | O7: 1
D8: 风机温度下限 | F8: 30 | G8: 60 | H8: 0 | I8: ℃ | J8: 0.1 | K8: U16 | L8: RW | M8: 4x | O8: 1
D9: 温度控制系数 | F9: 2 | G9: 10 | H9: 0 | K9: U16 | L9: RW | M9: 4x | O9: 1
D10: 原边线圈温差过大门限值 | F10: 15 | G10: 50 | H10: 1 | I10: ℃ | J10: 0.1 | K10: U16 | L10: RW | M10: 4x | O10: 1
D11: 副边线圈温差过大门限值 | F11: 15 | G11: 50 | H11: 1 | I11: ℃ | J11: 0.1 | K11: U16 | L11: RW | M11: 4x | O11: 1
D16: A相原边线圈绕组温度1 | I16: ℃ | J16: 0.1 | K16: S16 | L16: RO | M16: 3x | O16: 1
D17: A相原边线圈绕组温度2 | I17: ℃ | J17: 0.1 | K17: S16 | L17: RO | M17: 3x | O17: 1
D18: B相原边线圈绕组温度1 | I18: ℃ | J18: 0.1 | K18: S16 | L18: RO | M18: 3x | O18: 1
D19: B相原边线圈绕组温度2 | I19: ℃ | J19: 0.1 | K19: S16 | L19: RO | M19: 3x | O19: 1
D20: C相原边线圈绕组温度1 | I20: ℃ | J20: 0.1 | K20: S16 | L20: RO | M20: 3x | O20: 1
D21: C相原边线圈绕组温度2 | I21: ℃ | J21: 0.1 | K21: S16 | L21: RO | M21: 3x | O21: 1
D22: 变压器原边铁芯温度 | I22: ℃ | J22: 0.1 | K22: S16 | L22: RO | M22: 3x | O22: 1
D23: A相副边线圈绕组温度1 | I23: ℃ | J23: 0.1 | K23: S16 | L23: RO | M23: 3x | O23: 1
D24: A相副边线圈绕组温度2 | I24: ℃ | J24: 0.1 | K24: S16 | L24: RO | M24: 3x | O24: 1
D25: B相副边线圈绕组温度1 | I25: ℃ | J25: 0.1 | K25: S16 | L25: RO | M25: 3x | O25: 1
D26: B相副边线圈绕组温度2 | I26: ℃ | J26: 0.1 | K26: S16 | L26: RO | M26: 3x | O26: 1
D27: C相副边线圈绕组温度1 | I27: ℃ | J27: 0.1 | K27: S16 | L27: RO | M27: 3x | O27: 1
... D52: 线电压Uca | I52: kV | J52: 0.01 | K52: U16 | L52: RO | M52: 3x | O52: 1
D53: 风扇1故障信息 | E53: bit0:预留1 bit1:预留2 bit2:保留2 bit3:保留3 bit4:保留4 bit5:保留5 bit6:保留6 bit7:保留7 bit8:保留8 bit9:保留9 bit10:保留10 bit11:保留11 bit12:保留12 bit13:保留13 bit14:保留14 bit15:保留15 | K53: U16 | L53: RO | M53: 3x | O53: 1
D54: 风扇2故障信息 | E54: 同上 | K54: U16 | L54: RO | M54: 3x | O54: 1
D55: 风扇3故障信息 | E55: 同上 | K55: U16 | L55: RO | M55: 3x | O55: 1
D56: 风扇4故障信息 | E56: 同上 | K56: U16 | L56: RO | M56: 3x | O56: 1
D57: 风扇5故障信息 | E57: 同上 | K57: U16 | L57: RO | M57: 3x | O57: 1
D58: 风扇6故障信息 | E58: 同上 | K58: U16 | L58: RO | M58: 3x | O58: 1
D59: 风扇7故障信息 | E59: 同上 | K59: U16 | L59: RO | M59: 3x | O59: 1
D60: 风扇8故障信息 | E60: 同上 | K60: U16 | L60: RO | M60: 3x | O60: 1
D61: 风扇空开状态 | E61: bit0-风扇1空开断开 0 断开 1闭合 bit1-风扇2空开断开 0 断开 1闭合 bit2-风扇3空开断开 0 断开 1闭合 bit3-风扇4空开断开0 断开 1闭合 bit3-风扇5空开断开0 断开 1闭合 bit4-风扇6空开断开0 断开 1闭合 bit5-风扇7空开断开0 断开 1闭合 bi6-风扇8空开断开0 断开 1闭合 | K61: U16 | L61: RO | M61: 3x | O61: 1
D62: 风扇跳闸状态 | E62: bit0-风扇1跳闸故障 0 告警 1正常 bit1-风扇2跳闸故障 0 告警 1正常 bit2-风扇3跳闸故障 0 告警 1正常 bit3-风扇4跳闸故障 0 告警 1正常 bit4-风扇1跳闸故障 0 告警 1正常 bit5-风扇2跳闸故障 0 告警 1正常 bit6-风扇3跳闸故障 0 告警 1正常 bit7-风扇4跳闸故障 0 告警 1正常 | K62: U16 | L62: RO | M62: 3x | O62: 1
D63: 变压器柜门 | E63: 0-闭合 1-打开 | K63: U16 | L63: RO | M63: 3x | O63: 1
D64: 风扇故障 | E64: bit0-风扇1故障 bit1-风扇2故障 bit2-风扇3故障 bit3-风扇4故障 bit4-风扇5故障 bit5-风扇6故障 bit6-风扇7故障 bit7-风扇8故障 | K64: U16 | L64: RO | M64: 3x | O64: 1
... D68: 变压器综合告警 | E68: bit0 -变压器原边过温告警 bit1 -变压器副边过温告警 bit2 -变压器原边温差过大告警 bit3 -变压器副边温差过大告警 bit4 -变压器过温保护 | K68: U16 | L68: RO | M68: 3x | O68: 1
D75: 运行模块数 | K75: U16 | L75: RO | M75: 4x | O75: 1
D76: 1柜运行模块个数 | K76: U16 | L76: RO | M76: 4x | O76: 1
D77: 2柜运行模块个数 | K77: U16 | L77: RO | M77: 4x | O77: 1
D78: 故障模块数 | K78: U16 | L78: RO | M78: 4x | O78: 1
D79: 1柜故障模块个数 | K79: U16 | L79: RO | M79: 4x | O79: 1
D80: 2柜柜故障模块个数 | K80: U16 | L80: RO | M80: 4x | O80: 1
D82: 系统母线1模块设置个数 | F82: 0 | G82: 0 | H82: 24 | K82: U16 | L82: RW | M82: 3x | O82: 1
D83: 母线1负载输出电压设置 | I83: V | J83: 0.1 | K83: U16 | L83: RW | M83: 3x | O83: 1
D84: 母线1负载输出限流值 | E84: inconfig/界面不允许加 | I84: A | J84: 0.1 | K84: U16 | L84: RW | M84: 3x | O84: 1
D85: 模块交流过压值 | I85: V | J85: 0.1 | K85: U16 | L85: RW | M85: 3x | O85: 1
D86: 模块交流欠压值 | I86: V | J86: 0.1 | K86: U16 | L86: RW | M86: 3x | O86: 1
D87: 模块交流失压值 | I87: V | J87: 0.1 | K87: U16 | L87: RW | M87: 3x | O87: 1
D88: 模块交流频率高门限值 | F88: 70 | I88: Hz | J88: 1 | K88: U16 | L88: RW | M88: 3x | O88: 1
D89: 模块交流频率低门限值 | F89: 30 | I89: Hz | J89: 1 | K89: U16 | L89: RW | M89: 3x | O89: 1
D90: 系统每组电池模块个数 | F90: 2 | K90: U16 | L90: RW | M90: 3x | O90: 1
D91: 休眠剩余子板数量 | F91: 1 | K91: U16 | L91: RW | M91: 3x | O91: 1
D92: 核容剩余子板数量 | F92: 4 | K92: U16 | L92: RW | M92: 3x | O92: 1
D95: 预留
D97: 模块1负载输出电压 | I97: V | J97: 0.1 | K97: U16 | L97: RO | M97: 4x | O97: 1
D98: 模块1电池电压 | I98: V | J98: 0.1 | K98: U16 | L98: RO | M98: 4x | O98: 1
D99: 模块1负载输出电流 | I99: A | J99: 0.1 | K99: U16 | L99: RO | M99: 4x | O99: 1
D100: 模块1电池电流 | I100: A | J100: 0.1 | K100: U16 | L100: RO | M100: 4x | O100: 1
D101: 模块1频率 | I101: Hz | J101: 0.1 | K101: U16 | L101: RO | M101: 4x | O101: 1
D102: 模块1交流线电压Uab | I102: V | J102: 0.1 | K102: U16 | L102: RO | M102: 4x | O102: 1
D103: 模块1交流线电压Ubc | I103: V | J103: 0.1 | K103: U16 | L103: RO | M103: 4x | O103: 1
D104: 模块1交流线电压Uca | I104: V | J104: 0.1 | K104: U16 | L104: RO | M104: 4x | O104: 1
D105: 模块1机号 | M105: 4x | O105: 10
D106: 模块1子板供电方式 | E106: bit0 - cell1 1-DC bit1 - cell2 0-AC 1-DC bit2 - cell3 0-AC 1-DC bit3 - cell4 0-AC 1-DC bit4 - cell50-AC 1-DC bit5 - cell6 0-AC 1-DC bit6 - cell7 0-AC 1-DC bit7 - cell8 0-AC 1-DC | K106: U16 | L106: RO | M106: 4x | O106: 1
D107: 模块1子板开关机状态 | E107: bit0- cell1 0-关机 1-开机 bit1 - cell2 0-关机 1-开机 bit2- cell3 0-关机 1-开机 bit3 - cell4 0-关机 1-开机 bit4- cell5 0-关机 1-开机 bit5 - cell6 0-关机 1-开机 bit6- cell7 0-关机 1-开机 bit7 - cell8 0-关机 1-开机 | K107: U16 | L107: RO | M107: 4x | O107: 1
D108: 模块1子板休眠状态 | E108: bit0- cell1 0-正常工作 bit1 - cell2 0-正常工作 1-休眠 bit2- cell3 0-正常工作 1-休眠 bit3 - cell4 0-正常工作 1-休眠 bit4- cell5 0-正常工作 1-休眠 bit5 - cell6 0-正常工作 1-休眠 bit6- cell7 0-正常工作 1-休眠 bit7 - cell8 0-正常工作 1-休眠 | K108: U16 | L108: RO | M108: 4x | O108: 1
D109: 模块1具体故障 | E109: bit0 - 模块总故障 bit1 -模块均流故障 bit2 -模块风扇故障 bit3 -模块过温 | K109: U32 | L109: RO | M109: 4x | O109: 2
D110: 模块1交流故障 | E110: bit0 -模块交流线电压Uab高 bit1 -模块交流线电压Ubc高 bit2 -模块交流线电压Uca高 bit3 -模块交流线电压Uab低 bit4 -模块交流线电压Ubc低 bit5 -模块交流线电压Uca低 bit6 -模块交流中断 bit7 -模块交流频率高 bit8 -模块交流频率低 | K110: U16 | L110: RO | M110: 4x | O110: 1
D111: 模块1开关机动作 | E111: bit0- cell1 0-关机 1-开机 bit1 - cell2 0-关机 1-开机 bit2- cell3 0-关机 1-开机 bit3 - cell4 0-关机 1-开机 bit4- cell5 0-关机 1-开机 bit5 - cell6 0-关机 1-开机 bit6- cell7 0-关机 1-开机 bit7 - cell8 0-关机 1-开机 | K111: U16 | L111: RW | M111: 3x | O111: 1
D112: 预留寄存器
D113: 模块2数据 | O113: 1
D114: 模块3数据 | O114: 1
D115: 模块4数据 | O115: 1
D116: 模块5数据 | O116: 1
D117: 模块6数据 | O117: 1
D118: 模块7数据 | O118: 1
D119: 模块8数据 | O119: 1
D120: 模块9数据 | O120: 1
D121: 模块10数据 | O121: 1
D122: 模块11数据 | O122: 1
D123: 模块12数据
D127: 模块1交流空开状态 | E127: 1=闭合;2=断开;3=跳闸 | K127: U16 | L127: RO
D128: 模块1交流空开断开 | E128: 0=告警;1=正常 | K128: U16 | L128: RO
D129: 模块1状态 | E129: 0：正常 1：限流 2：限功率 3：关机 4：故障 5：通讯中断 6：未安装 7：休眠 8：过温 9：风扇故障 10：电池不在位 | K129: U16 | L129: RO
D130: 模块1运行状态 | E130: bit0 - 模块故障 0 -告警1-正常 bit1 -开关机状态 0 -关机1-开机 bit2-模块通信故障 0-告警 1-正常 | K130: U16 | L130: RO
D131: 模块2数据处理
D132: 模块3数据处理
D133: 模块4数据处理
D134: 模块5数据处理
D135: 模块6数据处理
D136: 模块7数据处理
D137: 模块8数据处理
D138: 模块9数据处理
D139: 模块10数据处理
D140: 模块12数据处理
D143: 电池类型 | E143: 0 铅酸 1 锂电 | K143: U16 | L143: RW | M143: 3x
D144: 电池组数 | E144: 6 | K144: U16 | L144: RW | M144: 3x
D145: 电池放电判断时间设置 | F145: 30 | I145: s | J145: 1 | K145: U16 | L145: RW | M145: 3x
D146: 电池组过压门限值 | I146: V | J146: 0.1 | K146: U16 | L146: RW | M146: 3x
...
